Year,Stock,Sector,PE_Ratio,EPS,ROE,Debt_to_Equity,Revenue,Profit,Revenue_Growth,Profit_Growth,fundamental_is_real,last_real_fundamental_year,fundamental_staleness_years
2020,ASIANPAINT,Consumer_Durables,94.74689246623988,31.61308126284734,0.21942271546443703,0.11489216279696139,289413500000.0,30305700000.0,0.0718,0.1605,0,,
2021,ASIANPAINT,Consumer_Durables,94.74689246623988,31.61308126284734,0.21942271546443703,0.11489216279696139,289413500000.0,30305700000.0,-0.01,0.042,0,,
2022,ASIANPAINT,Consumer_Durables,94.74689246623988,31.61308126284734,0.21942271546443703,0.11489216279696139,289413500000.0,30305700000.0,0.278,0.407,1,2022.0,0.0
2023,ASIANPAINT,Consumer_Durables,77.6935459705051,42.836013539307615,0.25677782273016336,0.12084743653636798,343887100000.0,41064500000.0,0.18822066005905047,0.35500912369620236,1,2023.0,0.0
2024,ASIANPAINT,Consumer_Durables,39.6253135628537,56.95783126733154,0.29154968683756666,0.13211984002819263,353954200000.0,54602300000.0,0.029274433382351358,0.32967161416795526,1,2024.0,0.0
2025,ASIANPAINT,Consumer_Durables,72.39702377550631,38.25433499293917,0.18903432559391045,0.11805734179870833,338151700000.0,36672300000.0,-0.044645606691487205,-0.3283744457651051,1,2025.0,0.0
2026,ASIANPAINT,Consumer_Durables,72.39702377550631,38.25433499293917,0.18903432559391045,0.11805734179870833,338151700000.0,36672300000.0,-0.044645606691487205,-0.3283744457651051,0,2025.0,1.0
2020,AXISBANK,Financial_Services,31.635849030383174,34.78678249972459,0.08335881843443117,1.529064226384442,624158400000.0,108184500000.0,-0.02,2.5441,0,,
2021,AXISBANK,Financial_Services,31.635849030383174,34.78678249972459,0.08335881843443117,1.529064226384442,624158400000.0,108184500000.0,0.055,-0.351,0,,
2022,AXISBANK,Financial_Services,31.635849030383174,34.78678249972459,0.08335881843443117,1.529064226384442,624158400000.0,108184500000.0,0.129,6.528,0,,
2023,AXISBANK,Financial_Services,31.635849030383174,34.78678249972459,0.08335881843443117,1.529064226384442,624158400000.0,108184500000.0,0.248,0.105,1,2023.0,0.0
2024,AXISBANK,Financial_Services,12.538054373364838,84.84496396380561,0.1680397942932371,1.4532826037780837,766030400000.0,263862000000.0,0.22730127480460088,1.4390000415956075,1,2024.0,0.0
2025,AXISBANK,Financial_Services,14.071399942186128,90.21135278860172,0.14983863369065342,1.1786587574823555,848805500000.0,280551100000.0,0.10805719981870171,0.06324935003903556,1,2025.0,0.0
2026,AXISBANK,Financial_Services,14.949207154613383,84.84062303175207,0.12270005838574913,1.3044870064387089,881369600000.0,263848500000.0,0.03836461945640079,-0.059534965287963586,1,2026.0,0.0
2020,BAJAJ-AUTO,Automobile,30.303137680835842,217.00047960099133,0.206399596206466,0.0,353915200000.0,60602100000.0,-0.0662,-0.068,0,,
2021,BAJAJ-AUTO,Automobile,30.303137680835842,217.00047960099133,0.206399596206466,0.0,353915200000.0,60602100000.0,-0.195,-0.154,0,,
2022,BAJAJ-AUTO,Automobile,30.303137680835842,217.00047960099133,0.206399596206466,0.0,353915200000.0,60602100000.0,0.213,0.097,0,,
2023,BAJAJ-AUTO,Automobile,30.303137680835842,217.00047960099133,0.206399596206466,0.0,353915200000.0,60602100000.0,,,1,2023.0,0.0
2024,BAJAJ-AUTO,Automobile,31.08964285242956,276.01218058112596,0.26614636005774384,0.0616626862198277,437820800000.0,77082400000.0,0.2370782605550708,0.2719427214568472,1,2024.0,0.0
2025,BAJAJ-AUTO,Automobile,35.62227961193109,262.2796772632911,0.20815550656261064,0.26248510176834977,492669500000.0,73247300000.0,0.12527659718313977,-0.049753251066391294,1,2025.0,0.0
2026,BAJAJ-AUTO,Automobile,25.977170025548645,384.72243089493054,0.27668450676877493,0.5830187945557258,603864300000.0,107442100000.0,0.22569856668618618,0.46684041596072484,1,2026.0,0.0
2020,BAJAJFINSV,Financial_Services,41.94541799879164,40.14542775793497,0.13828157356142368,3.6114849504410294,738459200000.0,64172800000.0,0.2189,0.3269,0,,
2021,BAJAJFINSV,Financial_Services,41.94541799879164,40.14542775793497,0.13828157356142368,3.6114849504410294,738459200000.0,64172800000.0,-0.013,-0.192,0,,
2022,BAJAJFINSV,Financial_Services,41.94541799879164,40.14542775793497,0.13828157356142368,3.6114849504410294,738459200000.0,64172800000.0,0.23,0.509,0,,
2023,BAJAJFINSV,Financial_Services,41.94541799879164,40.14542775793497,0.13828157356142368,3.6114849504410294,738459200000.0,64172800000.0,,,1,2023.0,0.0
2024,BAJAJFINSV,Financial_Services,30.74944384610583,50.97120818038561,0.13505679393959286,3.7922581355250626,998800700000.0,81477900000.0,0.3525468976485092,0.2696640944449985,1,2024.0,0.0
2025,BAJAJFINSV,Financial_Services,36.75251593682797,55.50368382726077,0.12255365713607691,3.9291429237612214,1139988900000.0,88723100000.0,0.14135773032597995,0.08892227217441785,1,2025.0,0.0
2026,BAJAJFINSV,Financial_Services,28.496298289061556,61.313225087994894,0.12579129977425263,4.638136429751935,1278971900000.0,98009700000.0,0.1219160993585113,0.10466947164830805,1,2026.0,0.0
2020,BAJFINANCE,Financial_Services,39.154190564736865,18.507428224928272,0.21164743310800893,3.024847357039416,269669000000.0,115076900000.0,-0.0136,-0.1804,0,,
2021,BAJFINANCE,Financial_Services,39.154190564736865,18.507428224928272,0.21164743310800893,3.024847357039416,269669000000.0,115076900000.0,0.002,-0.643,0,,
2022,BAJFINANCE,Financial_Services,39.154190564736865,18.507428224928272,0.21164743310800893,3.024847357039416,269669000000.0,115076900000.0,0.289,3.42,0,,
2023,BAJFINANCE,Financial_Services,39.154190564736865,18.507428224928272,0.21164743310800893,3.024847357039416,269669000000.0,115076900000.0,0.261,0.287,1,2023.0,0.0
2024,BAJFINANCE,Financial_Services,29.177148462475927,23.241327455052815,0.18842302695013452,2.8481141294746033,343263200000.0,144511700000.0,0.2729056732512821,0.25578374113310315,1,2024.0,0.0
2025,BAJFINANCE,Financial_Services,36.878631289814344,26.758042619263826,0.1720687368158583,2.8477813307227304,414795700000.0,166378200000.0,0.20838965551798153,0.15131300787410293,1,2025.0,0.0
2026,BAJFINANCE,Financial_Services,30.635908117948887,30.585024488013556,0.16682064459852375,3.215639397601839,496654500000.0,190173900000.0,0.19734727240422212,0.14302174203110743,1,2026.0,0.0
2020,BHARTIARTL,Telecom,74.28775704587608,13.7030585240746,0.10760170132885696,2.9140259067157106,1391448000000.0,83459000000.0,0.0844,0.5578,0,,
2021,BHARTIARTL,Telecom,74.28775704587608,13.7030585240746,0.10760170132885696,2.9140259067157106,1391448000000.0,83459000000.0,0.073,-1.014,0,,
2022,BHARTIARTL,Telecom,74.28775704587608,13.7030585240746,0.10760170132885696,2.9140259067157106,1391448000000.0,83459000000.0,0.218,3.598,0,,
2023,BHARTIARTL,Telecom,74.28775704587608,13.7030585240746,0.10760170132885696,2.9140259067157106,1391448000000.0,83459000000.0,,,1,2023.0,0.0
2024,BHARTIARTL,Telecom,128.432839182565,12.260000479189188,0.09104010300077543,2.628571742088399,1499824000000.0,74670000000.0,0.07788720814575895,-0.10530919373584634,1,2024.0,0.0
2025,BHARTIARTL,Telecom,38.21730658189691,55.0954603026276,0.2952013646292531,1.879462734413694,1729852000000.0,335561000000.0,0.1533699954127951,3.4939199142895405,1,2025.0,0.0
2026,BHARTIARTL,Telecom,43.04754255707377,43.83060998956089,0.1790943842808705,1.3109899192655676,2109728000000.0,266952000000.0,0.21960028950453564,-0.20446058987784635,1,2026.0,0.0
2020,BPCL,Energy,40.29025059442309,4.987730057670938,0.039816069396043076,1.2962064826737834,4662577300000.0,21310500000.0,-0.1938,4.2703,0,,
2021,BPCL,Energy,40.29025059442309,4.987730057670938,0.039816069396043076,1.2962064826737834,4662577300000.0,21310500000.0,-0.248,-0.535,0,,
2022,BPCL,Energy,40.29025059442309,4.987730057670938,0.039816069396043076,1.2962064826737834,4662577300000.0,21310500000.0,0.578,0.89,0,,
2023,BPCL,Energy,40.29025059442309,4.987730057670938,0.039816069396043076,1.2962064826737834,4662577300000.0,21310500000.0,,,1,2023.0,0.0
2024,BPCL,Energy,4.281950519524685,62.863209958553064,0.3551107415590458,0.7218744046250478,4466662600000.0,268588400000.0,-0.04201854197677323,11.603571009596209,1,2024.0,0.0
2025,BPCL,Energy,11.964571232520251,31.21424241600683,0.16387173019588105,0.7507680863382618,4402718600000.0,133365500000.0,-0.014315833929341338,-0.5034577070342576,1,2025.0,0.0
2026,BPCL,Energy,4.967209012530746,60.48668607443092,0.2579952373089578,0.5433191448240227,4552280300000.0,258434500000.0,0.033970306437481605,0.9377912578590415,1,2026.0,0.0
2020,BRITANNIA,Consumer_Staples,53.96408590359587,96.39168120324146,0.6569305684059226,0.8509876155471993,159849000000.0,23217700000.0,0.1242,0.327,0,,
2021,BRITANNIA,Consumer_Staples,53.96408590359587,96.39168120324146,0.6569305684059226,0.8509876155471993,159849000000.0,23217700000.0,0.121,0.256,0,,
2022,BRITANNIA,Consumer_Staples,53.96408590359587,96.39168120324146,0.6569305684059226,0.8509876155471993,159849000000.0,23217700000.0,0.063,0.022,0,,
2023,BRITANNIA,Consumer_Staples,53.96408590359587,96.39168120324146,0.6569305684059226,0.8509876155471993,159849000000.0,23217700000.0,,,1,2023.0,0.0
2024,BRITANNIA,Consumer_Staples,52.918523103060444,88.83734536819242,0.5428895451500944,0.5263527776086383,165462100000.0,21398100000.0,0.035115014795212986,-0.07837124262954556,1,2024.0,0.0
2025,BRITANNIA,Consumer_Staples,66.67538856012447,90.45316615682788,0.5001997373568549,0.29022526700522533,175350200000.0,21787300000.0,0.05976051313261466,0.018188530757403693,1,2025.0,0.0
2026,BRITANNIA,Consumer_Staples,54.43920690020485,105.18154701438998,0.49612459268078707,0.27029546309061286,188582100000.0,25334900000.0,0.07545985120062594,0.16282880393623808,1,2026.0,0.0
2020,CIPLA,Pharma,35.25258873703213,34.685666082726314,0.11969994591541787,0.03430996019272225,224731800000.0,28019100000.0,0.1368,0.5544,0,,
2021,CIPLA,Pharma,35.25258873703213,34.685666082726314,0.11969994591541787,0.03430996019272225,224731800000.0,28019100000.0,0.072,0.248,0,,
2022,CIPLA,Pharma,35.25258873703213,34.685666082726314,0.11969994591541787,0.03430996019272225,224731800000.0,28019100000.0,0.099,0.113,0,,
2023,CIPLA,Pharma,35.25258873703213,34.685666082726314,0.11969994591541787,0.03430996019272225,224731800000.0,28019100000.0,,,1,2023.0,0.0
2024,CIPLA,Pharma,29.650797815335114,51.02187687800845,0.15432800265703803,0.0209466409400283,254466300000.0,41215500000.0,0.13231104810267172,0.47097872522672035,1,2024.0,0.0
2025,CIPLA,Pharma,23.15456374965265,65.27007224875038,0.1690265103731713,0.014047500356645386,271454000000.0,52725200000.0,0.06675815225827546,0.27925659036042266,1,2025.0,0.0
2026,CIPLA,Pharma,27.27076186046991,48.02212649160552,0.1126636742908839,0.017825595123134183,277116900000.0,38792300000.0,0.02086136140929955,-0.2642550431292816,1,2026.0,0.0
2020,COALINDIA,Energy,6.340990173576166,51.54085709220652,0.5220529320333521,0.07119019416060338,1274290300000.0,317632300000.0,-0.074,-0.2402,0,,
2021,COALINDIA,Energy,6.340990173576166,51.54085709220652,0.5220529320333521,0.07119019416060338,1274290300000.0,317632300000.0,-0.104,-0.214,0,,
2022,COALINDIA,Energy,6.340990173576166,51.54085709220652,0.5220529320333521,0.07119019416060338,1274290300000.0,317632300000.0,0.186,0.631,0,,
2023,COALINDIA,Energy,6.340990173576166,51.54085709220652,0.5220529320333521,0.07119019416060338,1274290300000.0,317632300000.0,0.271,0.092,1,2023.0,0.0
2024,COALINDIA,Energy,5.82781182681051,60.691122527880985,0.45210189124158195,0.0788474235033624,1270744100000.0,374022900000.0,-0.002782882362048899,0.17753421172846717,1,2024.0,0.0
2025,COALINDIA,Energy,6.835075287523106,57.61373553405383,0.3582645543732844,0.09228330944619097,1691773700000.0,355057800000.0,0.3313252447916146,-0.050705718820959894,1,2025.0,0.0
2026,COALINDIA,Energy,9.542091581003353,50.45539629545315,0.26107374244300413,0.11815277650435477,1684002900000.0,310942900000.0,-0.00459328573319233,-0.12424709441674003,1,2026.0,0.0
2020,DRREDDY,Pharma,21.162446994420776,54.12837040221503,0.19510283950456944,0.05832261863016308,245879000000.0,45067000000.0,0.0862,-0.0182,0,,
2021,DRREDDY,Pharma,21.162446994420776,54.12837040221503,0.19510283950456944,0.05832261863016308,245879000000.0,45067000000.0,0.1,0.374,0,,
2022,DRREDDY,Pharma,21.162446994420776,54.12837040221503,0.19510283950456944,0.05832261863016308,245879000000.0,45067000000.0,0.113,0.073,0,,
2023,DRREDDY,Pharma,21.162446994420776,54.12837040221503,0.19510283950456944,0.05832261863016308,245879000000.0,45067000000.0,,,1,2023.0,0.0
2024,DRREDDY,Pharma,20.63020210515067,66.88007139319107,0.19848155409018,0.07135982890750311,279164000000.0,55684000000.0,0.13537146319937857,0.23558257705194488,1,2024.0,0.0
2025,DRREDDY,Pharma,18.71869737765949,67.92139424891079,0.1696251814702389,0.14027499490083625,325535000000.0,56551000000.0,0.16610666131736185,0.015570002155017599,1,2025.0,0.0
2026,DRREDDY,Pharma,26.249754238835116,50.39666323644669,0.11128113869565563,0.20511426472499292,335933000000.0,41960000000.0,0.03194126591610733,-0.25801488921504484,1,2026.0,0.0
2020,EICHERMOT,Automobile,38.11049477663188,106.15541786478006,0.19438863049923016,0.019239800724202616,141759000000.0,29139400000.0,-0.0489,-0.2636,0,,
2021,EICHERMOT,Automobile,38.11049477663188,106.15541786478006,0.19438863049923016,0.019239800724202616,141759000000.0,29139400000.0,-0.183,-0.209,0,,
2022,EICHERMOT,Automobile,38.11049477663188,106.15541786478006,0.19438863049923016,0.019239800724202616,141759000000.0,29139400000.0,0.371,0.545,0,,
2023,EICHERMOT,Automobile,38.11049477663188,106.15541786478006,0.19438863049923016,0.019239800724202616,141759000000.0,29139400000.0,,,1,2023.0,0.0
2024,EICHERMOT,Automobile,32.65817287092358,145.75759570587027,0.2217175112063763,0.023243429259212668,162340200000.0,40010100000.0,0.14518443273442955,0.37305847066171577,1,2024.0,0.0
2025,EICHERMOT,Automobile,42.397056212033526,172.4765975125532,0.22231081272078168,0.02151199563871793,185382100000.0,47344400000.0,0.14193588525824163,0.1833112139184856,1,2025.0,0.0
2026,EICHERMOT,Automobile,35.38207728000464,200.92093360548637,0.21972896576315282,0.02047597325115587,229775700000.0,55152300000.0,0.23947080111833882,0.16491707572595704,1,2026.0,0.0
2020,GRASIM,Cement,20.962722697012477,100.68003180671798,0.08670418413352265,1.3084171482077098,1164666500000.0,68272600000.0,-0.0135,-0.0275,0,,
2021,GRASIM,Cement,20.962722697012477,100.68003180671798,0.08670418413352265,1.3084171482077098,1164666500000.0,68272600000.0,-0.063,-0.303,0,,
2022,GRASIM,Cement,20.962722697012477,100.68003180671798,0.08670418413352265,1.3084171482077098,1164666500000.0,68272600000.0,0.278,1.083,0,,
2023,GRASIM,Cement,20.962722697012477,100.68003180671798,0.08670418413352265,1.3084171482077098,1164666500000.0,68272600000.0,,,1,2023.0,0.0
2024,GRASIM,Cement,29.343578683866514,82.94305945526715,0.06344430607631604,1.546984740401839,1295790000000.0,56244900000.0,0.11258458966579703,-0.17617169992061238,1,2024.0,0.0
2025,GRASIM,Cement,51.76880403987932,54.64681003294421,0.03800337670597952,1.9107376809354355,1484778900000.0,37056800000.0,0.1458484013613317,-0.34115270895672317,1,2025.0,0.0
2026,GRASIM,Cement,38.15562055364162,73.23953743777572,0.0479992639406699,2.202118838015918,1754307400000.0,49664800000.0,0.18152770085835676,0.3402344508970014,1,2026.0,0.0
2020,HCLTECH,Information_Technology,24.200209413039317,54.88879413515685,0.22706215121168105,0.07317483372830823,1014560000000.0,148510000000.0,0.095,0.0348,0,,
2021,HCLTECH,Information_Technology,24.200209413039317,54.88879413515685,0.22706215121168105,0.07317483372830823,1014560000000.0,148510000000.0,0.035,0.093,0,,
2022,HCLTECH,Information_Technology,24.200209413039317,54.88879413515685,0.22706215121168105,0.07317483372830823,1014560000000.0,148510000000.0,0.124,0.166,0,,
2023,HCLTECH,Information_Technology,24.200209413039317,54.88879413515685,0.22706215121168105,0.07317483372830823,1014560000000.0,148510000000.0,0.183,0.09,1,2023.0,0.0
2024,HCLTECH,Information_Technology,31.006383990796515,58.03406137702733,0.2300221203287286,0.08432093520648082,1099130000000.0,157020000000.0,0.08335633180886295,0.05730253854959262,1,2024.0,0.0
2025,HCLTECH,Information_Technology,24.603707575519206,64.272852333875,0.24965903380948962,0.09014428253535281,1170550000000.0,173900000000.0,0.06497866494409214,0.10750222901541205,1,2025.0,0.0
2026,HCLTECH,Information_Technology,19.494939187263743,61.50826961129084,0.2214062396061997,0.06938069580256769,1301440000000.0,166420000000.0,0.11181923027636581,-0.04301322599194939,1,2026.0,0.0
2020,HDFCBANK,Financial_Services,31.247653288204294,25.071107318599832,0.15410191731330852,0.8729660963357956,1019413700000.0,386000400000.0,0.1663,0.1883,0,,
2021,HDFCBANK,Financial_Services,31.247653288204294,25.071107318599832,0.15410191731330852,0.8729660963357956,1019413700000.0,386000400000.0,0.065,0.182,0,,
2022,HDFCBANK,Financial_Services,31.247653288204294,25.071107318599832,0.15410191731330852,0.8729660963357956,1019413700000.0,386000400000.0,0.125,0.187,1,2022.0,0.0
2023,HDFCBANK,Financial_Services,25.850642438277767,32.17976561829366,0.17012800663086167,1.0822718365530233,1205375000000.0,495446900000.0,0.1824198556483987,0.28353986161672373,1,2023.0,0.0
2024,HDFCBANK,Financial_Services,21.626019432463146,40.442161306657944,0.08962534283327428,1.164987862814699,1986934300000.0,622656600000.0,0.6483951467385668,0.25675748500999807,1,2024.0,0.0
2025,HDFCBANK,Financial_Services,22.658574573168877,43.7450294592123,0.08773190408815736,0.9543063355044986,2371508200000.0,673508300000.0,0.1935513922126162,0.08166893276325987,1,2025.0,0.0
2026,HDFCBANK,Financial_Services,22.658574573168877,43.7450294592123,0.08773190408815736,0.9543063355044986,2371508200000.0,673508300000.0,0.1935513922126162,0.08166893276325987,0,2025.0,1.0
2020,HEROMOTOCO,Automobile,26.991692048885426,140.43274230897643,0.16870992706944282,0.03407508719305313,337377200000.0,28099600000.0,0.0568,-0.1981,0,,
2021,HEROMOTOCO,Automobile,26.991692048885426,140.43274230897643,0.16870992706944282,0.03407508719305313,337377200000.0,28099600000.0,-0.155,-0.117,0,,
2022,HEROMOTOCO,Automobile,26.991692048885426,140.43274230897643,0.16870992706944282,0.03407508719305313,337377200000.0,28099600000.0,0.082,0.116,0,,
2023,HEROMOTOCO,Automobile,26.991692048885426,140.43274230897643,0.16870992706944282,0.03407508719305313,337377200000.0,28099600000.0,,,1,2023.0,0.0
2024,HEROMOTOCO,Automobile,20.955210245249795,187.15453116091484,0.2115852266691979,0.03426254257321916,375990300000.0,37448300000.0,0.11445082833101941,0.33269868610229325,1,2024.0,0.0
2025,HEROMOTOCO,Automobile,25.86877629683201,218.82231545822972,0.22719338482070398,0.03631841776999217,409234200000.0,43784800000.0,0.08841690862769598,0.16920661285024954,1,2025.0,0.0
2026,HEROMOTOCO,Automobile,17.76945085996729,286.9531557380601,0.2656831946783125,0.03602809470464144,474112400000.0,57417300000.0,0.15853562581035505,0.31135234145182805,1,2026.0,0.0
2020,HINDALCO,Metals,13.440720634091564,45.15343565851057,0.10650169820475497,0.6359407632428328,2219370000000.0,100970000000.0,-0.0957,-0.3652,0,,
2021,HINDALCO,Metals,13.440720634091564,45.15343565851057,0.10650169820475497,0.6359407632428328,2219370000000.0,100970000000.0,-0.073,-0.163,0,,
2022,HINDALCO,Metals,13.440720634091564,45.15343565851057,0.10650169820475497,0.6359407632428328,2219370000000.0,100970000000.0,0.46,3.012,0,,
2023,HINDALCO,Metals,13.440720634091564,45.15343565851057,0.10650169820475497,0.6359407632428328,2219370000000.0,100970000000.0,,,1,2023.0,0.0
2024,HINDALCO,Metals,13.16950198466245,45.41280965753935,0.09567011474761178,0.5309290976579428,2148070000000.0,101550000000.0,-0.032126234021366426,0.005744280479350302,1,2024.0,0.0
2025,HINDALCO,Metals,12.391707248486922,71.55591997344038,0.12934386342141638,0.5167691922172194,2384960000000.0,160010000000.0,0.11028039123492252,0.5756770064007878,1,2025.0,0.0
2026,HINDALCO,Metals,17.333485399925323,59.88409001714519,0.09804294824392494,0.7260127541494915,2749440000000.0,133910000000.0,0.15282436602710317,-0.1631148053246672,1,2026.0,0.0
2020,HINDUNILVR,Consumer_Staples,59.45099856789687,43.07132122795578,0.201176844783715,0.024232665394402036,595490000000.0,101200000000.0,0.092,0.0916,0,,
2021,HINDUNILVR,Consumer_Staples,59.45099856789687,43.07132122795578,0.201176844783715,0.024232665394402036,595490000000.0,101200000000.0,0.018,0.198,0,,
2022,HINDUNILVR,Consumer_Staples,59.45099856789687,43.07132122795578,0.201176844783715,0.024232665394402036,595490000000.0,101200000000.0,0.112,0.1,0,,
2023,HINDUNILVR,Consumer_Staples,59.45099856789687,43.07132122795578,0.201176844783715,0.024232665394402036,595490000000.0,101200000000.0,,,1,2023.0,0.0
2024,HINDUNILVR,Consumer_Staples,52.23365870260451,43.73952255530647,0.20065211449099926,0.028974188761763442,609660000000.0,102770000000.0,0.023795529731817495,0.015513833992094862,1,2024.0,0.0
2025,HINDUNILVR,Consumer_Staples,51.0979263237255,45.322776655780736,0.21555807457187967,0.03335897332091818,605730000000.0,106490000000.0,-0.006446215923629564,0.03619733385229153,1,2025.0,0.0
2026,HINDUNILVR,Consumer_Staples,35.164193764518146,64.01113352455087,0.3085824493731919,0.03032479123494532,637630000000.0,150400000000.0,0.052663728063658724,0.4123391867781012,1,2026.0,0.0
2020,ICICIBANK,Financial_Services,20.65340359913399,47.47536590567186,0.15868061349758628,0.8555306835509656,1302384597000.0,340366408000.0,0.0816,0.8411,0,,
2021,ICICIBANK,Financial_Services,20.65340359913399,47.47536590567186,0.15868061349758628,0.8555306835509656,1302384597000.0,340366408000.0,0.043,-0.074,0,,
2022,ICICIBANK,Financial_Services,20.65340359913399,47.47536590567186,0.15868061349758628,0.8555306835509656,1302384597000.0,340366408000.0,0.152,2.593,0,,
2023,ICICIBANK,Financial_Services,20.65340359913399,47.47536590567186,0.15868061349758628,0.8555306835509656,1302384597000.0,340366408000.0,0.291,0.337,1,2023.0,0.0
2024,ICICIBANK,Financial_Services,20.603158628014093,61.73016714300959,0.17277938221355885,0.7847103000307781,1533819611000.0,442563735000.0,0.17770097598904572,0.3002567956118631,1,2024.0,0.0
2025,ICICIBANK,Financial_Services,18.867019255091574,71.1771163349854,0.162562089493607,0.6487604844081014,2055592900000.0,510292000000.0,0.3401790440401404,0.1530361835905963,1,2025.0,0.0
2026,ICICIBANK,Financial_Services,16.709300556388097,75.61058705901695,0.14930765929559767,0.606687685941852,2230897800000.0,542077000000.0,0.08528191549990273,0.06228786655483527,1,2026.0,0.0
2020,INDUSINDBK,Financial_Services,16.552911554131352,95.53568093361322,0.13532497257766382,0.8910386087724053,254676829000.0,74434978000.0,-0.0086,-0.3777,0,,
2021,INDUSINDBK,Financial_Services,16.552911554131352,95.53568093361322,0.13532497257766382,0.8910386087724053,254676829000.0,74434978000.0,0.062,-0.468,0,,
2022,INDUSINDBK,Financial_Services,16.552911554131352,95.53568093361322,0.13532497257766382,0.8910386087724053,254676829000.0,74434978000.0,0.12,3.195,0,,
2023,INDUSINDBK,Financial_Services,16.552911554131352,95.53568093361322,0.13532497257766382,0.8910386087724053,254676829000.0,74434978000.0,0.23,0.247,1,2023.0,0.0
2024,INDUSINDBK,Financial_Services,8.333065964762186,115.22169972903411,0.1420288889035074,0.753254970432858,294653778000.0,89773000000.0,0.15697128457650147,0.206059334094248,1,2024.0,0.0
2025,INDUSINDBK,Financial_Services,26.143120813083776,33.05649766857702,0.03972411070379839,0.8283023632596115,267217500000.0,25755400000.0,-0.09311361349658309,-0.7131052766421976,1,2025.0,0.0
2026,INDUSINDBK,Financial_Services,80.25328310417862,11.41448614138095,0.01352821730210529,0.6508888169890825,252113800000.0,8893400000.0,-0.056522121492791455,-0.6546976556372645,1,2026.0,0.0
2020,INFY,Information_Technology,1972.4156110899974,0.736465953317328,0.3250109027474924,0.11011774967291757,18212000000.0,2981000000.0,0.0649,0.125,0,,
2021,INFY,Information_Technology,1972.4156110899974,0.736465953317328,0.3250109027474924,0.11011774967291757,18212000000.0,2981000000.0,0.073,0.179,0,,
2022,INFY,Information_Technology,1972.4156110899974,0.736465953317328,0.3250109027474924,0.11011774967291757,18212000000.0,2981000000.0,0.208,0.166,0,,
2023,INFY,Information_Technology,1972.4156110899974,0.736465953317328,0.3250109027474924,0.11011774967291757,18212000000.0,2981000000.0,0.209,0.089,1,2023.0,0.0
2024,INFY,Information_Technology,2333.742440093473,0.7824178712364903,0.2999337058433564,0.09489534993844113,18562000000.0,3167000000.0,0.019218097957390733,0.062395169406239515,1,2024.0,0.0
2025,INFY,Information_Technology,2070.509660605771,0.780194391337176,0.2818384649709951,0.08585452922802321,19277000000.0,3158000000.0,0.03851955608231872,-0.002841806125670982,1,2025.0,0.0
2026,INFY,Information_Technology,1443.8825555587232,0.8184876562698113,0.33854486000408746,0.0988146331493971,20158000000.0,3313000000.0,0.04570213207449292,0.049081697276757444,1,2026.0,0.0
2020,ITC,Consumer_Staples,25.89538890794974,15.317218293843169,0.27751554979332016,0.004429742582126074,702452200000.0,191916600000.0,-0.0023,-0.1417,0,,
2021,ITC,Consumer_Staples,25.89538890794974,15.317218293843169,0.27751554979332016,0.004429742582126074,702452200000.0,191916600000.0,-0.067,0.105,0,,
2022,ITC,Consumer_Staples,25.89538890794974,15.317218293843169,0.27751554979332016,0.004429742582126074,702452200000.0,191916600000.0,0.221,0.134,0,,
2023,ITC,Consumer_Staples,25.89538890794974,15.317218293843169,0.27751554979332016,0.004429742582126074,702452200000.0,191916600000.0,,,1,2023.0,0.0
2024,ITC,Consumer_Staples,26.28818029252733,16.3285301680893,0.2745886963641,0.00407652972203954,673910400000.0,204587800000.0,-0.04063166148529394,0.06602451273105088,1,2024.0,0.0
2025,ITC,Consumer_Staples,13.85619435397124,27.731927133213066,0.4961674309814144,0.004067396781810094,746533200000.0,347466300000.0,0.10776328722631376,0.6983725324774986,1,2025.0,0.0
2026,ITC,Consumer_Staples,18.564471416088775,16.512648117667748,0.2853432688846502,0.03308715122477323,782132800000.0,206894700000.0,0.047686559686829735,-0.40456182369340565,1,2026.0,0.0
2020,JSWSTEEL,Metals,51.301745737628224,16.979199216533857,0.06307938199254129,1.622726234873278,1636460000000.0,41440000000.0,0.0969,0.9617,0,,
2021,JSWSTEEL,Metals,51.301745737628224,16.979199216533857,0.06307938199254129,1.622726234873278,1636460000000.0,41440000000.0,-0.094,-0.435,0,,
2022,JSWSTEEL,Metals,51.301745737628224,16.979199216533857,0.06307938199254129,1.622726234873278,1636460000000.0,41440000000.0,0.68,6.77,0,,
2023,JSWSTEEL,Metals,51.301745737628224,16.979199216533857,0.06307938199254129,1.622726234873278,1636460000000.0,41440000000.0,,,1,2023.0,0.0
2024,JSWSTEEL,Metals,24.90152065207436,36.10538211778387,0.11345581892389499,1.3597316818808018,1725880000000.0,88120000000.0,0.0546423377290004,1.1264478764478765,1,2024.0,0.0
2025,JSWSTEEL,Metals,81.13155977653969,14.35692906726222,0.044077689443494016,1.4997232565160512,1665750000000.0,35040000000.0,-0.03484019746448189,-0.6023604176123468,1,2025.0,0.0
2026,JSWSTEEL,Metals,13.829453670868434,91.43528226741545,0.2230417878524382,1.1906389613504842,1820370000000.0,223160000000.0,0.09282305267897344,5.3687214611872145,1,2026.0,0.0
2020,KOTAKBANK,Financial_Services,25.37517737922024,15.005340766821885,0.132885986355322,0.4659591663413648,518572514000.0,149250096000.0,0.2401,0.1278,0,,
2021,KOTAKBANK,Financial_Services,25.37517737922024,15.005340766821885,0.132885986355322,0.4659591663413648,518572514000.0,149250096000.0,0.091,0.162,0,,
2022,KOTAKBANK,Financial_Services,25.37517737922024,15.005340766821885,0.132885986355322,0.4659591663413648,518572514000.0,149250096000.0,0.134,0.218,0,,
2023,KOTAKBANK,Financial_Services,25.37517737922024,15.005340766821885,0.132885986355322,0.4659591663413648,518572514000.0,149250096000.0,,,1,2023.0,0.0
2024,KOTAKBANK,Financial_Services,19.485227483145067,18.311236797752954,0.14013211261621666,0.5778612727125423,696695998000.0,182132075000.0,0.343488093161837,0.2203146254592694,1,2024.0,0.0
2025,KOTAKBANK,Financial_Services,19.789545292349317,22.245079142414312,0.1404919763025144,0.550837466217033,747582900000.0,221259900000.0,0.07304032482758714,0.21483214859326671,1,2025.0,0.0
2026,KOTAKBANK,Financial_Services,19.766184346334366,19.39170358208521,0.10643011397876032,0.526379208443033,780153800000.0,192878900000.0,0.04356827851466372,-0.12826996667719726,1,2026.0,0.0
2020,LT,Industrials,45.09889627728433,76.11370402201447,0.1172192403215415,1.3506762592505313,1816614200000.0,104707200000.0,-0.0686,0.2123,0,,
2021,LT,Industrials,45.09889627728433,76.11370402201447,0.1172192403215415,1.3506762592505313,1816614200000.0,104707200000.0,-0.054,-0.128,0,,
2022,LT,Industrials,45.09889627728433,76.11370402201447,0.1172192403215415,1.3506762592505313,1816614200000.0,104707200000.0,0.143,0.276,0,,
2023,LT,Industrials,45.09889627728433,76.11370402201447,0.1172192403215415,1.3506762592505313,1816614200000.0,104707200000.0,,,1,2023.0,0.0
2024,LT,Industrials,37.28821218100423,94.9292153100197,0.15121844518316743,1.3469574303803507,2191156900000.0,130591100000.0,0.20617624809934879,0.24720267565172213,1,2024.0,0.0
2025,LT,Industrials,36.99649128784362,109.30768274640847,0.15398103129774432,1.3558763655130888,2542086500000.0,150371100000.0,0.16015722105523342,0.1514651457871172,1,2025.0,0.0
2026,LT,Industrials,33.99976686117267,116.91765746319648,0.14716826272900124,1.1482959983456829,2842251900000.0,160839900000.0,0.11807835807318122,0.06961976071199852,1,2026.0,0.0
2020,M&M,Automobile,19.89080817188218,85.62477609639471,0.1824067399747258,1.6365751282825984,1190403800000.0,102815000000.0,-0.089,-0.182,0,,
2021,M&M,Automobile,19.89080817188218,85.62477609639471,0.1824067399747258,1.6365751282825984,1190403800000.0,102815000000.0,-0.121,-0.227,0,,
2022,M&M,Automobile,19.89080817188218,85.62477609639471,0.1824067399747258,1.6365751282825984,1190403800000.0,102815000000.0,0.228,0.618,0,,
2023,M&M,Automobile,19.89080817188218,85.62477609639471,0.1824067399747258,1.6365751282825984,1190403800000.0,102815000000.0,,,1,2023.0,0.0
2024,M&M,Automobile,31.78763272284754,93.84572065465908,0.17024545044572073,1.6108873547658993,1358030300000.0,112686400000.0,0.1408148226677368,0.09601128240042796,1,2024.0,0.0
2025,M&M,Automobile,34.44839417281814,107.67410325612964,0.1678256921247277,1.6218997788908092,1587497500000.0,129291000000.0,0.16897060396958744,0.14735229805903818,1,2025.0,0.0
2026,M&M,Automobile,21.75211264348187,142.39996136320954,0.18366831782341628,1.4389731713434522,1977927800000.0,170988500000.0,0.24594073376493505,0.3225089140002011,1,2026.0,0.0
2020,MARUTI,Automobile,38.41401937751422,262.838178926614,0.11077316146605505,0.016723815753845163,1137648000000.0,82637000000.0,-0.0704,-0.2267,0,,
2021,MARUTI,Automobile,38.41401937751422,262.838178926614,0.11077316146605505,0.016723815753845163,1137648000000.0,82637000000.0,-0.125,-0.263,0,,
2022,MARUTI,Automobile,38.41401937751422,262.838178926614,0.11077316146605505,0.016723815753845163,1137648000000.0,82637000000.0,0.176,0.429,0,,
2023,MARUTI,Automobile,38.41401937751422,262.838178926614,0.11077316146605505,0.016723815753845163,1137648000000.0,82637000000.0,0.255,0.127,1,2023.0,0.0
2024,MARUTI,Automobile,25.03932706761186,429.01048259229583,0.1575061889859405,0.0013849315708346958,1364838000000.0,134882000000.0,0.19970148938863339,0.6322228541694398,1,2024.0,0.0
2025,MARUTI,Automobile,36.203499110895024,461.19851423353805,0.15066723884792066,0.0009039909642466379,1505556000000.0,145002000000.0,0.10310234621251753,0.07502854346762355,1,2025.0,0.0
2026,MARUTI,Automobile,28.515657006274054,466.9013937525842,0.13699147880245957,0.0009565466519467357,1803501000000.0,146795000000.0,0.1978969895507042,0.012365346684873312,1,2026.0,0.0
2020,NESTLEIND,Consumer_Staples,85.76105105094321,10.985812727875194,1.088384590881534,0.13690029696153885,146649000000.0,21184100000.0,0.0809,0.0573,0,,
2021,NESTLEIND,Consumer_Staples,85.76105105094321,10.985812727875194,1.088384590881534,0.13690029696153885,146649000000.0,21184100000.0,0.106,0.175,1,2021.0,0.0
2022,NESTLEIND,Consumer_Staples,76.4403181606659,12.396941594044689,0.9720840771479808,0.1100045950462961,167895300000.0,23905200000.0,0.1448785876480576,0.12845011116828187,1,2022.0,0.0
2023,NESTLEIND,Consumer_Staples,76.4403181606659,12.396941594044689,0.9720840771479808,0.1100045950462961,167895300000.0,23905200000.0,0.1448785876480576,0.12845011116828187,0,2022.0,1.0
2024,NESTLEIND,Consumer_Staples,76.4403181606659,12.396941594044689,0.9720840771479808,0.1100045950462961,167895300000.0,23905200000.0,0.1448785876480576,0.12845011116828187,0,2022.0,2.0
2025,NESTLEIND,Consumer_Staples,77.01517899274467,16.63416574119514,0.7998558678971924,0.29096979958655533,200775000000.0,32075900000.0,0.1448785876480576,0.12845011116828187,1,2025.0,0.0
2026,NESTLEIND,Consumer_Staples,77.01517899274467,16.63416574119514,0.7998558678971924,0.29096979958655533,200775000000.0,32075900000.0,0.1448785876480576,0.12845011116828187,0,2025.0,1.0
2020,NTPC,Utilities,16.84206290329647,17.44161319600199,0.11503322911619984,1.5161770760350222,1740761500000.0,169125500000.0,0.023,0.268,0,,
2021,NTPC,Utilities,16.84206290329647,17.44161319600199,0.11503322911619984,1.5161770760350222,1740761500000.0,169125500000.0,0.021,-0.041,0,,
2022,NTPC,Utilities,16.84206290329647,17.44161319600199,0.11503322911619984,1.5161770760350222,1740761500000.0,169125500000.0,0.075,0.088,0,,
2023,NTPC,Utilities,16.84206290329647,17.44161319600199,0.11503322911619984,1.5161770760350222,1740761500000.0,169125500000.0,,,1,2023.0,0.0
2024,NTPC,Utilities,15.014955190498082,21.462933458156332,0.12950024600323304,1.4755277029134661,1767196100000.0,208118900000.0,0.015185652945564341,0.2305589636098637,1,2024.0,0.0
2025,NTPC,Utilities,13.540812311259316,24.155168050875165,0.12724676695686604,1.3586927468702865,1881380600000.0,234224600000.0,0.06461337256233193,0.12543646924906868,1,2025.0,0.0
2026,NTPC,Utilities,14.307074639265942,27.898784619534474,0.1331484227417584,1.3338436634662014,1873846300000.0,270525200000.0,-0.004004665509998349,0.1549820129909497,1,2026.0,0.0
2020,ONGC,Energy,6.239176735420039,29.180063016798517,0.12901047368268972,0.6211453450493228,6295101440000.0,367093340000.0,-0.2338,0.4897,0,,
2021,ONGC,Energy,6.239176735420039,29.180063016798517,0.12901047368268972,0.6211453450493228,6295101440000.0,367093340000.0,-0.265,-0.817,0,,
2022,ONGC,Energy,6.239176735420039,29.180063016798517,0.12901047368268972,0.6211453450493228,6295101440000.0,367093340000.0,0.532,1.85,0,,
2023,ONGC,Energy,6.239176735420039,29.180063016798517,0.12901047368268972,0.6211453450493228,6295101440000.0,367093340000.0,,,1,2023.0,0.0
2024,ONGC,Energy,5.696645722962732,39.06425699722264,0.14493788571735497,0.5638831533449269,5986442330000.0,491439260000.0,-0.04903163403193706,0.3387310704138626,1,2024.0,0.0
2025,ONGC,Energy,8.155892981467767,28.795561216735685,0.10547859827680882,0.5468700258847766,6632605800000.0,362256200000.0,0.10793780919960855,-0.26286678846130446,1,2025.0,0.0
2026,ONGC,Energy,9.097112576191698,32.928029117384916,0.11142541123787482,0.468885390289315,6622473200000.0,414243800000.0,-0.0015276951933431654,0.14351058725840993,1,2026.0,0.0
2020,POWERGRID,Utilities,13.168778075787348,16.57928915163481,0.18572117337773372,1.548711980265528,440052200000.0,154197400000.0,0.068,0.0883,0,,
2021,POWERGRID,Utilities,13.168778075787348,16.57928915163481,0.18572117337773372,1.548711980265528,440052200000.0,154197400000.0,0.095,0.069,0,,
2022,POWERGRID,Utilities,13.168778075787348,16.57928915163481,0.18572117337773372,1.548711980265528,440052200000.0,154197400000.0,0.065,0.077,0,,
2023,POWERGRID,Utilities,13.168778075787348,16.57928915163481,0.18572117337773372,1.548711980265528,440052200000.0,154197400000.0,,,1,2023.0,0.0
2024,POWERGRID,Utilities,17.646327792247302,16.74424618344234,0.1787037735106422,1.4573819460437882,442027500000.0,155731600000.0,0.004488785648611687,0.009949584104530946,1,2024.0,0.0
2025,POWERGRID,Utilities,15.679083818172618,16.688636890748523,0.1675045252782643,1.4516903815025683,457923200000.0,155214400000.0,0.03596088478658002,-0.00332109860811807,1,2025.0,0.0
2026,POWERGRID,Utilities,18.589004125107316,17.12571603949105,0.15849647984064327,1.4734268294345445,467328700000.0,159279500000.0,0.02053947037407146,0.026190224618334382,1,2026.0,0.0
2020,RELIANCE,Energy,26.029024485429325,49.290326907746994,0.09317587501676278,0.46711143891645435,8778350000000.0,667020000000.0,-0.241,0.211,0,,
2021,RELIANCE,Energy,26.029024485429325,49.290326907746994,0.09317587501676278,0.46711143891645435,8778350000000.0,667020000000.0,-0.263,-0.286,0,,
2022,RELIANCE,Energy,26.029024485429325,49.290326907746994,0.09317587501676278,0.46711143891645435,8778350000000.0,667020000000.0,0.517,0.249,0,,
2023,RELIANCE,Energy,26.029024485429325,49.290326907746994,0.09317587501676278,0.46711143891645435,8778350000000.0,667020000000.0,0.232,0.126,1,2023.0,0.0
2024,RELIANCE,Energy,23.531136544639825,51.447360643522735,0.08774123135903696,0.43623224752703593,9010640000000.0,696210000000.0,0.026461692687122295,0.043761806242691374,1,2024.0,0.0
2025,RELIANCE,Energy,30.512570863221104,51.46731265135622,0.08259962049335863,0.43830052182163187,9646930000000.0,696480000000.0,0.07061540578693633,0.0003878140216314043,1,2025.0,0.0
2026,RELIANCE,Energy,23.970612820170185,59.689756768511636,0.08934991095428249,0.44025087663020035,10572190000000.0,807750000000.0,0.09591237834212542,0.1597605099931082,1,2026.0,0.0
2020,SBIN,Financial_Services,10.086339067187922,60.286510931187436,0.15503849899354882,1.4545753024943409,2703369068000.0,556481728000.0,0.1126,0.1334,0,,
2021,SBIN,Financial_Services,10.086339067187922,60.286510931187436,0.15503849899354882,1.4545753024943409,2703369068000.0,556481728000.0,0.028,-0.068,0,,
2022,SBIN,Financial_Services,10.086339067187922,60.286510931187436,0.15503849899354882,1.4545753024943409,2703369068000.0,556481728000.0,0.099,0.553,0,,
2023,SBIN,Financial_Services,10.086339067187922,60.286510931187436,0.15503849899354882,1.4545753024943409,2703369068000.0,556481728000.0,,,1,2023.0,0.0
2024,SBIN,Financial_Services,10.533065959474731,72.67624888040726,0.16167349507516912,1.3411682321730378,3236135037000.0,670846661000.0,0.19707481871653937,0.20551426443241635,1,2024.0,0.0
2025,SBIN,Financial_Services,11.48224837643591,84.02616225553166,0.1592515055886684,1.2691556209225405,3495234156000.0,775613371000.0,0.08006437186261335,0.1561708749415688,1,2025.0,0.0
2026,SBIN,Financial_Services,11.63021741935711,90.24183010932937,0.1397323753487878,1.2193500751464357,3817091770000.0,832987824000.0,0.09208470724271556,0.07397300658448809,1,2026.0,0.0
2020,SUNPHARMA,Pharma,34.79464563269264,35.31636935212927,0.15132641300050112,0.12297210948474678,432788700000.0,84735800000.0,0.0252,-0.2287,0,,
2021,SUNPHARMA,Pharma,34.79464563269264,35.31636935212927,0.15132641300050112,0.12297210948474678,432788700000.0,84735800000.0,0.086,0.621,0,,
2022,SUNPHARMA,Pharma,34.79464563269264,35.31636935212927,0.15132641300050112,0.12297210948474678,432788700000.0,84735800000.0,0.099,0.274,0,,
2023,SUNPHARMA,Pharma,34.79464563269264,35.31636935212927,0.15132641300050112,0.12297210948474678,432788700000.0,84735800000.0,,,1,2023.0,0.0
2024,SUNPHARMA,Pharma,46.52250013466972,39.91264296039498,0.15041414867258027,0.05141883322142248,477584500000.0,95763800000.0,0.10350501295435856,0.1301456999284836,1,2024.0,0.0
2025,SUNPHARMA,Pharma,37.51021681721525,45.550288461806566,0.15133397453987246,0.03270914932311908,520412500000.0,109290400000.0,0.0896762771823625,0.14124961624329863,1,2025.0,0.0
2026,SUNPHARMA,Pharma,37.79561635871871,47.844174087955714,0.13736278134916452,0.05537052790059219,582201100000.0,114794200000.0,0.11873004587706867,0.050359409426628504,1,2026.0,0.0
2020,TATASTEEL,Metals,19.037832584030582,7.0241397050693966,0.08498468696310998,0.8235479292719105,2416362500000.0,87604000000.0,0.1167,3.8072,0,,
2021,TATASTEEL,Metals,19.037832584030582,7.0241397050693966,0.08498468696310998,0.8235479292719105,2416362500000.0,87604000000.0,-0.084,2.152,0,,
2022,TATASTEEL,Metals,19.037832584030582,7.0241397050693966,0.08498468696310998,0.8235479292719105,2416362500000.0,87604000000.0,0.618,2.117,0,,
2023,TATASTEEL,Metals,19.037832584030582,7.0241397050693966,0.08498468696310998,0.8235479292719105,2416362500000.0,87604000000.0,,,1,2023.0,0.0
2024,TATASTEEL,Metals,-37.91604271782112,-3.5579652176685017,-0.04821430278839443,0.9461770077196081,2272962000000.0,-44374400000.0,-0.05934560729195226,-1.5065339482215423,1,2024.0,0.0
2025,TATASTEEL,Metals,65.6606862902174,2.742584825189138,0.03751808579238503,1.0398314658071992,2168403500000.0,34205100000.0,-0.04600098901785424,1.7708295774140044,1,2025.0,0.0
2026,TATASTEEL,Metals,24.421729358174332,8.654587785758345,0.10564860794977667,0.9042165499549025,2302934700000.0,107938700000.0,0.06204158958422637,2.155631762514947,1,2026.0,0.0
2020,TCS,Information_Technology,29.922101308800187,116.48971947283891,0.4661041316464655,0.08502167566132886,2254580000000.0,421470000000.0,0.0495,0.0061,0,,
2021,TCS,Information_Technology,29.922101308800187,116.48971947283891,0.4661041316464655,0.08502167566132886,2254580000000.0,421470000000.0,0.047,0.012,0,,
2022,TCS,Information_Technology,29.922101308800187,116.48971947283891,0.4661041316464655,0.08502167566132886,2254580000000.0,421470000000.0,0.16,0.158,0,,
2023,TCS,Information_Technology,29.922101308800187,116.48971947283891,0.4661041316464655,0.08502167566132886,2254580000000.0,421470000000.0,0.174,0.105,1,2023.0,0.0
2024,TCS,Information_Technology,30.220411738093645,126.88471401426172,0.507332382941573,0.0886406082507266,2408930000000.0,459080000000.0,0.06846064455463989,0.08923529551332242,1,2024.0,0.0
2025,TCS,Information_Technology,23.15156912974838,134.19520605416156,0.5124002701675884,0.09911773396935286,2553240000000.0,485530000000.0,0.059906265437351856,0.057615230460921846,1,2025.0,0.0
2026,TCS,Information_Technology,17.945632710916048,136.01108252683235,0.45887728459530025,0.10521260723610593,2670210000000.0,492100000000.0,0.04581237956478827,0.013531604638230388,1,2026.0,0.0
2020,TECHM,Information_Technology,22.06467817579217,54.546674099727824,0.17301294562122868,0.098128883238733,532902000000.0,48313000000.0,0.0249,0.0959,0,,
2021,TECHM,Information_Technology,22.06467817579217,54.546674099727824,0.17301294562122868,0.098128883238733,532902000000.0,48313000000.0,-0.019,-0.029,0,,
2022,TECHM,Information_Technology,22.06467817579217,54.546674099727824,0.17301294562122868,0.098128883238733,532902000000.0,48313000000.0,0.167,0.305,0,,
2023,TECHM,Information_Technology,22.06467817579217,54.546674099727824,0.17301294562122868,0.098128883238733,532902000000.0,48313000000.0,0.183,0.088,1,2023.0,0.0
2024,TECHM,Information_Technology,62.29188654791307,26.620195018388063,0.08840843813509115,0.09511650055869274,519956000000.0,23578000000.0,-0.024293397285054287,-0.5119740028563741,1,2024.0,0.0
2025,TECHM,Information_Technology,33.14335248738063,48.00057643594744,0.15538256309047385,0.07401640991904683,529883000000.0,42515000000.0,0.019092000092315504,0.8031639664093647,1,2025.0,0.0
2026,TECHM,Information_Technology,27.1281102071338,54.31635262276832,0.1624458896384989,0.07381970191184316,568154000000.0,48109000000.0,0.07222537805515557,0.1315770904386687,1,2026.0,0.0
2020,TITAN,Consumer_Durables,99.6894340902189,36.63849125353536,0.2742384608893764,0.7903974348156274,404470000000.0,32500000000.0,0.0301,-0.3519,0,,
2021,TITAN,Consumer_Durables,99.6894340902189,36.63849125353536,0.2742384608893764,0.7903974348156274,404470000000.0,32500000000.0,-0.148,-0.471,0,,
2022,TITAN,Consumer_Durables,99.6894340902189,36.63849125353536,0.2742384608893764,0.7903974348156274,404470000000.0,32500000000.0,0.526,2.63,0,,
2023,TITAN,Consumer_Durables,99.6894340902189,36.63849125353536,0.2742384608893764,0.7903974348156274,404470000000.0,32500000000.0,,,1,2023.0,0.0
2024,TITAN,Consumer_Durables,82.29498753684777,39.41174320687988,0.37219205791546894,1.653145959757266,509360000000.0,34960000000.0,0.2593270205454051,0.0756923076923077,1,2024.0,0.0
2025,TITAN,Consumer_Durables,107.69744893287383,37.619275480937695,0.2870784583620096,1.7874225739848588,571430000000.0,33370000000.0,0.12185880320402073,-0.04548054919908467,1,2025.0,0.0
2026,TITAN,Consumer_Durables,76.67792326834275,57.18986650128765,0.3230592880341336,1.9500095523148444,767970000000.0,50730000000.0,0.34394414013964963,0.5202277494755768,1,2026.0,0.0
2020,ULTRACEMCO,Cement,60.27135688251454,172.14421196123794,0.09321680404472822,0.20354962968853488,623376000000.0,50639600000.0,0.0665,-0.0606,0,,
2021,ULTRACEMCO,Cement,60.27135688251454,172.14421196123794,0.09321680404472822,0.20354962968853488,623376000000.0,50639600000.0,-0.022,0.122,0,,
2022,ULTRACEMCO,Cement,60.27135688251454,172.14421196123794,0.09321680404472822,0.20354962968853488,623376000000.0,50639600000.0,0.16,0.041,0,,
2023,ULTRACEMCO,Cement,60.27135688251454,172.14421196123794,0.09321680404472822,0.20354962968853488,623376000000.0,50639600000.0,0.113,-0.059,1,2023.0,0.0
2024,ULTRACEMCO,Cement,47.681844557148146,238.12790874897743,0.11630903368362748,0.1893313484143783,698095300000.0,70050000000.0,0.11986233027899694,0.3833047654404853,1,2024.0,0.0
2025,ULTRACEMCO,Cement,57.40075903303632,205.29345253462344,0.08541063323922164,0.3408751382646952,759551300000.0,60391100000.0,0.0880338257541628,-0.13788579586009994,1,2025.0,0.0
2026,ULTRACEMCO,Cement,41.73891319125016,277.58269476045683,0.10656829480861886,0.31002339489926983,885115300000.0,81656400000.0,0.16531338962885062,0.3521263894845433,1,2026.0,0.0
2020,WIPRO,Information_Technology,15.731467935250553,11.647926557680039,0.185656027883882,0.2673051151851075,790934000000.0,122191000000.0,0.0482,0.1465,0,,
2021,WIPRO,Information_Technology,15.731467935250553,11.647926557680039,0.185656027883882,0.2673051151851075,790934000000.0,122191000000.0,0.018,0.083,0,,
2022,WIPRO,Information_Technology,15.731467935250553,11.647926557680039,0.185656027883882,0.2673051151851075,790934000000.0,122191000000.0,0.283,0.234,1,2022.0,0.0
2023,WIPRO,Information_Technology,20.37333719848132,10.819452040630525,0.14529599418303968,0.22359709356805998,904876000000.0,113500000000.0,0.14406006063717075,-0.07112635136794035,1,2023.0,0.0
2024,WIPRO,Information_Technology,26.874068904028352,10.528899707416059,0.14729231093383902,0.2195662523353643,897603000000.0,110452000000.0,-0.00803756536807253,-0.02685462555066079,1,2024.0,0.0
2025,WIPRO,Information_Technology,20.497224500664622,12.521394743127594,0.15858091605910354,0.23183980857385347,890884000000.0,131354000000.0,-0.007485491915691013,0.18924057509144243,1,2025.0,0.0
2026,WIPRO,Information_Technology,20.497224500664622,12.521394743127594,0.15858091605910354,0.23183980857385347,890884000000.0,131354000000.0,-0.007485491915691013,0.18924057509144243,0,2025.0,1.0
