Date,nifty_ret_1d,nifty_ret_5d
2020-01-01,,
2020-01-02,,
2020-01-03,0.008183886337984836,
2020-01-06,-0.004522789386603554,
2020-01-07,-0.019105853072941215,
2020-01-08,0.004994592001242859,
2020-01-09,-0.0022899444111396106,-0.01289968320336543
2020-01-10,0.015845758122611686,-0.0053980397349981946
2020-01-13,0.0033480474426501594,0.002465876842738357
2020-01-14,0.0059354808073293075,0.028057917333794258
2020-01-15,0.0026562202609821117,0.025665882988159083
2020-01-16,-0.0015369308543056182,0.026439995978547293
2020-01-17,0.000988406301843714,0.011427697092400546
2020-01-20,-0.000254978804985595,0.007795656795418715
2020-01-21,-0.010346193941151438,-0.008516126027576454
2020-01-22,-0.004474618385662321,-0.01556750753120606
2020-01-23,-0.005172555189302153,-0.019152043440824884
2020-01-24,0.0060667236352978104,-0.014175904708429443
2020-01-27,0.005574584704263197,-0.008427514818394766
2020-01-28,-0.010552527912150667,-0.008634248816837942
2020-01-29,-0.005214967844912932,-0.009371504854065127
2020-01-30,0.006113256399948197,0.0018666717859923132
2020-01-31,-0.0077249841553650445,-0.011867459418097748
2020-02-03,-0.006123414854723341,-0.023362553068805747
2020-02-04,-0.021250384719316173,-0.033921908521742705
2020-02-05,0.02321082268667074,-0.006316413286233558
2020-02-06,0.009140500467834434,-0.003326568232408622
2020-02-07,0.004036661230167438,0.008487212506244513
2020-02-10,-0.0032625431230384194,0.01139014089911261
2020-02-11,-0.005525514763038308,0.027639422832305582
2020-02-12,0.006350030388978967,0.010705654657531927
2020-02-13,0.0077056964194832656,0.009268625260414831
2020-02-14,-0.0021759994314084485,0.0030235908635276587
2020-02-17,-0.005026854435148831,0.0012481525517991088
2020-02-18,-0.00558473346026378,0.0011885304980676636
2020-02-19,-0.004424762618648104,-0.009530999339435686
2020-02-20,0.011123651500938081,-0.006171508005944237
2020-02-24,-0.003715252459506435,-0.007704597523574885
2020-02-25,-0.02081386879900149,-0.02344912474213312
2020-02-26,-0.002662856861702312,-0.020579738836937422
2020-02-27,-0.010120477938589723,-0.026183031061079887
2020-02-28,-0.003870376787472707,-0.04062383576219619
2020-03-02,-0.03709607866493836,-0.07276802855759412
2020-03-03,-0.006159751824491688,-0.058891437234393273
2020-03-04,0.015319647408546855,-0.04192276333596834
2020-03-05,-0.004626950146523701,-0.036605728475403554
2020-03-06,0.0015998577904186018,-0.03131525971166926
2020-03-09,-0.024806975302821943,-0.018952378395116876
2020-03-11,-0.048956043335951605,-0.06119779970694572
2020-03-12,0.0006649981756232659,-0.07474803187226076
2020-03-13,-0.08301938801064712,-0.1476179547929073
2020-03-16,0.03806507612689369,-0.11658530523449284
2020-03-17,-0.07612100106679087,-0.16307001468116122
2020-03-18,-0.02504518409052825,-0.1420281743571583
2020-03-19,-0.05556454027271507,-0.1902394736886336
2020-03-20,-0.024247781753128472,-0.138339873857394
2020-03-23,0.058329146858465686,-0.12151940455899846
2020-03-24,-0.12980466070471242,-0.17256510788013513
2020-03-25,0.02507142402516349,-0.13003161858100498
2020-03-26,0.06624746894667499,-0.017824272481792414
2020-03-27,0.038904356430389475,0.045743604797717996
2020-03-30,0.0021755381634551707,-0.009742230921189976
2020-03-31,-0.04378053643081892,0.08815079785486679
2020-04-01,0.03823772271336057,0.10212730533187697
2020-04-03,-0.04000467509668226,-0.0077002840512180315
2020-04-07,-0.020596574186770744,-0.06453203779702321
2020-04-08,0.08763210467115035,0.015236303260587114
2020-04-09,-0.004941902407507137,0.05647201611916075
2020-04-13,0.04150883161880259,0.05980057464162125
2020-04-15,-0.01295567073707915,0.08966171002441947
2020-04-16,-0.007621853562688519,0.10409708557008601
2020-04-17,0.007562771164790316,0.022815632596940638
2020-04-20,0.03046328187687486,0.05920845835119293
2020-04-21,-0.0005288143766692954,0.016456415492017262
2020-04-22,-0.030274667144095657,-0.001378654814238267
2020-04-23,0.02291941778872575,0.02935475622481598
2020-04-24,0.01377995587701486,0.03570640878385012
2020-04-27,-0.017124941572334906,-0.012123949537324319
2020-04-28,0.013971358975458648,0.0022080033875522265
2020-04-29,0.010622430648890235,0.044475022031628786
2020-04-30,0.018383013524196468,0.039843023790378185
2020-05-04,0.03208830345213909,0.0586220570438547
2020-05-05,-0.05744483901313502,0.01519483564619395
2020-05-06,-0.009458265521601117,-0.008263059470861589
2020-05-07,0.007093593467121684,-0.011725953311467974
2020-05-08,-0.007750119504051356,-0.03708644812284634
2020-05-11,0.0057016970693835045,-0.061704516934418474
2020-05-12,-0.0013294930214019507,-0.005842772334158308
2020-05-13,-0.004616242718351149,-0.0009830760701653452
2020-05-14,0.02033371253039773,0.012150860144761522
2020-05-15,-0.025661909373274727,-0.0061201760924058934
2020-05-18,-0.0006453627874545287,-0.012392627209101281
2020-05-19,-0.034322509703259896,-0.045020151800967745
2020-05-20,0.00632982284022332,-0.034518401145470334
2020-05-21,0.021111396826158035,-0.03378252437490603
2020-05-22,0.004378754451001221,-0.003992234283995533
2020-05-26,-0.0073575840768702605,-0.010681976123898984
2020-05-27,-0.0011284338094974533,0.02332471648060519
2020-05-28,0.03166450477176164,0.04908725040963691
2020-05-29,0.018803043536468778,0.04671565411448131
2020-06-01,0.009504662651105722,0.052057631262868886
2020-06-02,0.025662097319460564,0.08705372576541204
2020-06-03,0.015565527970742954,0.10522146020218814
2020-06-04,0.008262288035990828,0.08015068183088148
2020-06-05,-0.003225168681009971,0.05679603188437943
2020-06-08,0.011272276241460544,0.05864645130026047
2020-06-09,0.002494520758722585,0.0347338266889472
2020-06-10,-0.011881032349997822,0.006769226071913215
2020-06-11,0.006917728526201428,0.005426657622075615
2020-06-12,-0.021169158460066062,-0.012673082761705756
2020-06-15,0.00716020911179549,-0.01668778251961711
2020-06-16,-0.015963279394844432,-0.034792400572868254
2020-06-17,0.010220386061458031,-0.013203444478249393
2020-06-18,-0.0033134566648174157,-0.023230180545534718
2020-06-19,0.021303187551898528,0.01915273587406574
2020-06-22,0.015136275444292302,0.02722377536781817
2020-06-23,0.006520616350433883,0.050694436359246975
2020-06-24,0.015497691991291696,0.05618317530764583
2020-06-25,-0.015824677233549855,0.04292510459763088
2020-06-26,-0.001591357298992957,0.019545861416606636
2020-06-29,0.00914574014738645,0.013529304214020987
2020-06-30,-0.006799538608783573,0.00011639724666046014
2020-07-01,-0.0009988732845714887,-0.016130301845573514
2020-07-02,0.012419817334717198,0.012105421711579467
2020-07-03,0.011663452514898642,0.025542069094862452
2020-07-06,0.005273976044848361,0.021607397609072487
2020-07-07,0.014735139974255018,0.04375799842006045
2020-07-08,0.003344590235981215,0.04829605615511867
2020-07-09,-0.00869476207364206,0.02643325779600736
2020-07-10,0.010060032721901813,0.024806428836585015
2020-07-13,-0.004198511095439339,0.015149891464920628
2020-07-14,0.003217889149241815,0.003627933207632994
2020-07-15,-0.01808349601540049,-0.017806204302403428
2020-07-16,0.0010229309240368245,-0.008177830108820006
2020-07-17,0.011466161662100571,-0.006797090537473571
2020-07-20,0.01506059125586967,0.0124117545005058
2020-07-21,0.011053321760931656,0.020318993958125864
2020-07-22,0.012706156865764484,0.052312821869712645
2020-07-23,-0.0026563094918139463,0.04844506645199487
2020-07-24,0.007442159858846331,0.044273948328692914
2020-07-27,-0.0018991484351116306,0.026826108778724933
2020-07-28,-0.005569925698846956,0.009943532818575518
2020-07-29,0.0151592736988444,0.012389957641828486
2020-07-30,-0.008645614328603224,0.006310296109171221
2020-07-31,-0.008988714680747911,-0.01010211830238017
2020-08-03,-0.002585102372305803,-0.010782434673522467
2020-08-04,-0.016422215545293994,-0.02157784001930707
2020-08-05,0.018697932161379383,-0.018167240376423144
2020-08-06,0.0005768586219327965,-0.009033346182324209
2020-08-07,0.008872554668374333,0.008827118760952324
2020-08-10,0.0012410024488720417,0.012697001105808736
2020-08-11,0.005002705259437024,0.03475621532434592
2020-08-12,0.004644978776729314,0.02048173768053907
2020-08-13,-0.0012452735151247118,0.018623357133872087
2020-08-14,-0.0007030344733010008,0.008955219455933028
2020-08-17,-0.010800437378868932,-0.003178995517533645
2020-08-18,0.0061457110453491115,-0.002045294911873996
2020-08-19,0.012292057935075373,0.005550859737248892
2020-08-20,0.002024600213507588,0.00884298367105063
2020-08-21,-0.008432399987605033,0.0010397815836464819
2020-08-24,0.005250916093857194,0.017283261647349057
2020-08-25,0.008341006471886514,0.01950285794167428
2020-08-26,0.0005058064691958464,0.007632650169428601
2020-08-27,0.0067423225064831005,0.012376776227632336
2020-08-28,0.0008355606212675504,0.02183923555294509
2020-08-31,0.007643195654994939,0.024270991723315705
2020-09-01,-0.022330747801946216,-0.006885321434943692
2020-09-02,0.007266739846322645,-0.00017433371832031863
2020-09-03,0.005645038251127943,-0.0012640792641114285
2020-09-04,-0.0006545127600779965,-0.0027510266399204397
2020-09-07,-0.016794744948559814,-0.026936880603920077
2020-09-08,0.0018705202595032944,-0.0028496329582875513
2020-09-09,-0.0033201259317187093,-0.013330170713367173
2020-09-10,-0.003476927967516641,-0.022280017338534908
2020-09-11,0.015184429863450921,-0.006783824175124131
2020-09-14,0.0013276149365679668,0.01152305619349936
2020-09-15,-0.0021283524468515003,0.007485656290552756
2020-09-16,0.007145947910690342,0.01806520098514408
2020-09-17,0.0071820376506051,0.02895458456175737
2020-09-18,-0.007622027291120936,0.005838776284472713
2020-09-21,-0.0009681588767627147,0.0035326595964069174
2020-09-22,-0.02211225483867385,-0.016564613199704148
2020-09-23,-0.00861286032635733,-0.03195242239087703
2020-09-24,-0.0019545871070447696,-0.040734039947121325
2020-09-25,-0.029312272096516434,-0.06170056084866249
2020-09-28,0.022645788482354545,-0.03952213504563973
2020-09-29,0.016044868187371275,-0.002044344534203768
2020-09-30,-0.0004586409458945395,0.006163901287222107
2020-10-01,0.002241001317642377,0.010393618255052584
2020-10-05,0.015061092732783665,0.05658207140554494
2020-10-06,0.0075676439490797165,0.04100356185380427
2020-10-07,0.013826475474619793,0.038730675303346285
2020-10-08,0.006555187284725372,0.04601949678978068
2020-10-09,0.008156676606839941,0.05219357236745403
2020-10-12,0.0067260903253916204,0.043553662886622435
2020-10-13,0.0014058853909966196,0.03717183259291823
2020-10-14,0.0002975290843887368,0.02333135548953802
2020-10-15,0.0030625333853533387,0.019780489829860137
2020-10-16,-0.02428360085835335,-0.013033816528766007
2020-10-19,0.007028949362235082,-0.012736901975149317
2020-10-20,0.009402769621849272,-0.004852957197637786
2020-10-21,0.002000328507897331,-0.003158925410574387
2020-10-22,0.0034337457642519276,-0.0027900154629230123
2020-10-23,-0.0034512817819539743,0.018501208710743677
2020-10-26,0.0028495402835257977,0.014274187033702423
2020-10-27,-0.013629073304543216,-0.008868808471259593
2020-10-28,0.010337608346965288,-0.0006219667628251102
2020-10-29,-0.013440608945763599,-0.01742811813398293
2020-10-30,-0.005012942184360991,-0.018967875872242246
2020-11-02,-0.002433373422367602,-0.02413585755472969
2020-11-03,0.002297636149117599,-0.008378798782689989
2020-11-04,0.01237019016319918,-0.00638387034932808
2020-11-05,0.008041647267956087,0.015252045814250215
2020-11-06,0.017785598915690537,0.03851492678500579
2020-11-09,0.011819014571289532,0.053352349448716696
2020-11-10,0.016104635537461442,0.06786264531295383
2020-11-11,0.01364650710436388,0.06920892278960511
2020-11-12,0.009346041508720315,0.07059246677793163
2020-11-13,-0.004576821525331454,0.04706979276035406
2020-11-17,0.002296970330761372,0.037216009874281974
2020-11-18,0.012126619808373373,0.033155343819393446
2020-11-19,0.004975051165572175,0.024316995362543725
2020-11-20,-0.01287266861341374,0.0017687299934967537
2020-11-23,0.00683930941371913,0.013257635656489963
2020-11-24,0.005241475198302092,0.016234340294516203
2020-11-25,0.0099563448098976,0.01405525722509604
2020-11-26,-0.015070680468092346,-0.006171592709601326
2020-11-27,0.010001213639976747,0.0168575680132641
2020-12-01,-0.001389836350773832,0.008546540552703874
2020-12-02,0.010802694687318537,0.014126044398578674
2020-12-03,0.0003585458429504751,0.004488620017512934
2020-12-04,0.0015365849299400214,0.02142568217123375
2020-12-07,0.009490662358873525,0.0209093558702933
2020-12-08,0.007331133249439903,0.02982506670642504
2020-12-09,0.002785331809333158,0.021656824472776393
2020-12-10,0.010165752285866914,0.031672832666094664
2020-12-11,-0.0037548548058806697,0.026222173445775043
2020-12-14,0.002637558535026452,0.01925548483418904
2020-12-15,0.0032781762806703973,0.01515455070849625
2020-12-16,0.0007153791977927426,0.013059065516701107
2020-12-17,0.008464907059269056,0.011353348735126723
2020-12-18,0.004238929390550483,0.019468359839698968
2020-12-21,0.0014445849987885229,0.018255360422344546
2020-12-22,-0.0314049525779333,-0.01694552674079086
2020-12-23,0.010346283876607965,-0.007484590971389649
2020-12-24,0.010010159185716239,-0.005963777965803496
2020-12-28,0.01089253037474136,0.0006222248186753543
2020-12-29,0.009015051389166695,0.008186474539456645
2020-12-30,0.004281594241144937,0.04533171281191284
2020-12-31,0.003542094606974411,0.038291913747940276
2021-01-01,-1.4318125132972703e-05,0.027986736481411034
2021-01-04,0.0026284263414808606,0.019582886339254868
2021-01-05,0.00816067272711063,0.018719559413569842
2021-01-06,0.004712380865514287,0.019156539203596168
2021-01-07,-0.0037501320469031096,0.011750850374405042
2021-01-08,-0.0006291696120880319,0.011128764952527348
2021-01-11,0.014847223590326086,0.02345115383243579
2021-01-12,0.009583718134137165,0.024895782157241975
2021-01-13,0.005433314024232416,0.025631197951512474
2021-01-14,9.609083312889233e-05,0.029590853362198466
2021-01-15,0.002111247340323086,0.03241413791564707
2021-01-18,-0.011092344158201595,0.006025558578298895
2021-01-19,-0.010558650142566628,-0.014045820280812582
2021-01-20,0.016794730817062842,-0.0029045180997779863
2021-01-21,0.008508265623863087,0.005482417469391709
2021-01-22,-0.0037112802046228577,-0.0003596974526917096
2021-01-25,-0.014972171647596122,-0.0042816328350487876
2021-01-27,-0.009254169343308138,-0.0029688764077751006
2021-01-28,-0.019060488041877988,-0.03812717145209388
2021-01-29,-0.010735650281904374,-0.056481210239439084
2021-02-01,-0.013240422354072856,-0.06550562704720142
2021-02-02,0.047423511101338356,-0.0063109396006991725
2021-02-03,0.02567357148195737,0.028720561808217582
2021-02-04,0.009701122671723184,0.05888313551548241
2021-02-05,0.0071467580293813615,0.07802400578804236
2021-02-08,0.0019199973566108586,0.09458659788867219
2021-02-09,0.01283480273296811,0.05844043903599494
2021-02-10,-0.0004300136336804483,0.031502930984296906
2021-02-11,-0.00018530340410816137,0.021403033851177256
2021-02-12,0.004421924647502795,0.018639630145807384
2021-02-15,-0.0006590524229219685,0.016017542234115556
2021-02-16,0.00998465984153385,0.013158443032787348
2021-02-17,-8.162092525865194e-05,0.013511571897042218
2021-02-18,-0.006827318687430917,0.006778564897560679
2021-02-19,-0.005914312869584326,-0.00358192417434533
2021-02-22,-0.009074717063029758,-0.011972974684004933
2021-02-23,-0.020428174591586412,-0.04172461699221408
2021-02-24,0.0021872625461001327,-0.039550224338757545
2021-02-25,0.01864318245786234,-0.0149189214734331
2021-02-26,0.007699213013950157,-0.0014287093785253502
2021-03-01,-0.03763569324758598,-0.030210062868156307
2021-03-02,0.015995389118723446,0.005849779447145043
2021-03-03,0.010672985341787733,0.01436651351619278
2021-03-04,0.021884698711632122,0.017594420596382276
2021-03-05,-0.010812930524138231,-0.0010995048670457974
2021-03-08,-0.009459104528952489,0.028146808846708282
2021-03-09,0.0012117060677612201,0.01318631127493064
2021-03-10,0.00950777560179139,0.012018203909392122
2021-03-12,0.005060099883821945,-0.0046439501562117735
2021-03-15,-0.009479506235763657,-0.0033022100815609523
2021-03-16,-0.006749419963093084,-0.0005756829583331013
2021-03-17,-0.001275984104457617,-0.003058932041732021
2021-03-18,-0.012685759862868795,-0.024976194575661914
2021-03-19,-0.011102973071742905,-0.040656232915963986
2021-03-22,0.012786942826028547,-0.01909062245459292
2021-03-23,-0.000515437423697751,-0.012934097550152401
2021-03-24,0.00531673999743143,-0.006418330369567626
2021-03-25,-0.017911176994211853,-0.011676918230261513
2021-03-26,-0.015430189146808937,-0.016001622835833174
2021-03-30,0.012733031929623273,-0.016054001309854904
2021-03-31,0.02328481586755049,0.007376239506843962
2021-04-01,-0.010400699094332388,-0.008373398450024494
2021-04-05,0.012024574166918489,0.021853080554087523
2021-04-06,-0.015439860548026041,0.021843042920373756
2021-04-07,0.003122067245233451,0.01214562307836009
2021-04-08,0.009231436965811968,-0.0017547746645666384
2021-04-09,0.0036945688638336804,0.012463640734661663
2021-04-12,-0.0026187118170183377,-0.0021859982346488227
2021-04-13,-0.03532558930400764,-0.022339422888901894
2021-04-15,0.013556195506029933,-0.012170136228589867
2021-04-16,0.005284484560774683,-0.016033390298738515
2021-04-19,0.002496282165007191,-0.017208124263702773
2021-04-20,-0.017676978554819645,-0.03204612291870268
2021-04-22,-0.004390823034999047,-0.0010061921247604966
2021-04-23,0.007676757575422188,-0.006801156540652165
2021-04-26,-0.004498133053794207,-0.016466166445823438
2021-04-27,0.010016518287169873,-0.009088177326013747
2021-04-28,0.011601643402658013,0.020446438086525243
2021-04-29,0.014433855260107098,0.039740731830305354
2021-04-30,0.0020418099664161193,0.03392648186694358
2021-05-03,-0.017710812045177438,0.020203816787967455
2021-05-04,0.00020851346320172048,0.010296885787021148
2021-05-05,-0.00940610742344028,-0.010683769370484208
2021-05-06,0.0083709591539336,-0.016596546720486827
2021-05-07,0.0073164109749706,-0.011420055285805253
2021-05-10,0.006679247748155426,0.013126202840348489
2021-05-11,0.008041422748121585,0.021060274120692446
2021-05-12,-0.006130201191218876,0.02443693305280581
2021-05-14,-0.0103866808073666,0.005380435065808653
2021-05-17,-0.0012724250884564858,-0.003191893989963668
2021-05-18,0.01671576048197254,0.006746204238961662
2021-05-19,0.012393443335275034,0.011092632974937677
2021-05-20,-0.005159432408138875,0.012080224273184781
2021-05-21,-0.00825677606093067,0.014258483631306884
2021-05-24,0.01806313567497475,0.033894725818587546
2021-05-25,0.001476108604989923,0.01839757675162068
2021-05-26,0.0007073438653115716,0.006642171320821122
2021-05-27,0.006115021504864648,0.01805037192819592
2021-05-28,0.002378821196545866,0.028968090831932747
2021-05-31,0.006376433707514062,0.017156207079156438
2021-06-01,0.009533088035724946,0.025339334532587854
2021-06-02,-0.0005101904286871628,0.024091831143677744
2021-06-03,8.67158252806366e-05,0.017955814415823612
2021-06-04,0.0073284506253876724,0.022982361216042912
2021-06-07,-0.001281017305247989,0.015198556810893216
2021-06-08,0.0051945814919991395,0.010835702701301964
2021-06-09,-0.0007333060957773752,0.010610054295518312
2021-06-10,-0.006654976944212576,0.0037974225626800084
2021-06-11,0.0065492869160790335,0.003020990086586517
2021-06-14,0.003914130633349666,0.00823851625692007
2021-06-15,0.0007911718082738162,0.00382177214813173
2021-06-16,0.003630213545097627,0.008205182548405077
2021-06-17,-0.006408632752808119,0.008455211978965371
2021-06-18,-0.0048295020472909345,-0.002945122992486171
2021-06-21,-0.000513069646403852,-0.007342074380781383
2021-06-22,0.004026588209654625,-0.004132951614734148
2021-06-23,0.0016670371193598932,-0.0060809427036564445
2021-06-24,-0.005439749231269109,-0.005111739640805801
2021-06-25,0.006597840798329813,0.006312362327245191
2021-06-28,0.0044266891189239654,0.01128585438752161
2021-06-29,-0.0028782098242977616,0.0043311336050868565
2021-06-30,-0.0041891404314852165,-0.0015406194029259357
2021-07-01,-0.0017112919035373597,0.0022024551781789636
2021-07-02,-0.002639697229908089,-0.006994746441446487
2021-07-05,0.002691338986766656,-0.00871036373503653
2021-07-06,0.007133188273225066,0.0012424778098749645
2021-07-07,-0.0010167521731027085,0.004432169757775606
2021-07-08,0.0038816171589777237,0.010059497543173368
2021-07-09,-0.0095562557277451,0.0030548718510841066
2021-07-12,-0.0024224839292732447,-0.002060805117763409
2021-07-13,0.00017844744498685117,-0.008952056983513534
2021-07-14,0.007630985495128417,-0.0003730115926224853
2021-07-15,0.0026308921169333477,-0.0016184358395996412
2021-07-16,0.004431072328003882,0.012480992364658494
2021-07-19,-5.0225736783704455e-05,0.014888691305526391
2021-07-20,-0.010738912280361723,0.003810763209320278
2021-07-22,-0.0076369809214345,-0.011399317903591721
2021-07-23,0.012279233123449584,-0.0018859899429884974
2021-07-26,0.002022238326785386,-0.00427967431890619
2021-07-27,-0.0019929055322251976,-0.006214137237342654
2021-07-28,-0.004929081202650898,-0.00037773260994822255
2021-07-29,-0.002352898858342667,0.004945003114209978
2021-07-30,0.004395444954646832,-0.0028816649301427466
2021-08-02,-0.000976039499086867,-0.005865269165117426
2021-08-03,0.007746000136419795,0.003835848611693393
2021-08-04,0.015460955882416139,0.024405488216125093
2021-08-05,0.007938242467802281,0.034972653341394766
2021-08-06,0.0022018725316477195,0.03271230112421564
2021-08-09,-0.003461233501561467,0.030143303263794996
2021-08-10,0.0012347307242392969,0.02348731993089559
2021-08-11,0.0013439090538649445,0.009258689730793579
2021-08-12,0.00013208706805212245,0.001442307894444994
2021-08-13,0.005045395484346349,0.004283675752906557
2021-08-16,0.010064482340847336,0.017914510879504686
2021-08-17,0.002054024277023725,0.01874745321605964
2021-08-18,0.0031122785775283823,0.0205465573323258
2021-08-20,-0.00275360231817956,0.01760196590612484
2021-08-23,-0.007142898400624986,0.005261397137674928
2021-08-24,0.0027931806783987323,-0.0019753278397863783
2021-08-25,0.007768362083601765,0.003716032084781995
2021-08-26,0.0006045728309951315,0.0012068169995915756
2021-08-27,0.00013525983096518424,0.004107151845442303
2021-08-30,0.004105261588480014,0.015482764581623565
2021-08-31,0.013519836521704187,0.02634515808444582
2021-09-01,0.011880446175423387,0.030533042677836963
2021-09-02,-0.00326573477436376,0.02654697267481354
2021-09-03,0.009246783727399066,0.03589911497796505
2021-09-06,0.005190230833697296,0.03701843854282827
2021-09-07,0.0031287476677577253,0.026386430811178307
2021-09-08,-0.0009035189246697772,0.013419199000055393
2021-09-09,-0.0004953092983268625,0.016236000292804365
2021-09-13,0.0009075978909154347,0.007839064085717329
2021-09-14,-0.000803098507419775,0.00182994138572945
2021-09-15,0.001423151293159064,0.00012655334110944771
2021-09-16,0.00802354538262362,0.009062821485601669
2021-09-17,0.006281634763507293,0.015904572564612307
2021-09-20,-0.002515647600612625,0.012430035299451525
2021-09-21,-0.010705054879733056,0.002396939695792799
2021-09-22,0.00949017386246398,0.010471806674338335
2021-09-23,-0.0008740239935656202,0.001552627113750038
2021-09-24,0.015746528367181822,0.010973040571201631
2021-09-27,0.0016972499684944076,0.01524290791780225
2021-09-28,0.00010644538279747096,0.026337980241406544
2021-09-29,-0.0059646824901542495,0.010625191286584679
2021-09-30,-0.0021015082285871234,0.00938357959835856
2021-10-01,-0.005259376020738893,-0.011490737341581458
2021-10-04,-0.004886983449795879,-0.017988285100337675
2021-10-05,0.009080467581137563,-0.009176628131997044
2021-10-06,0.007407660919946268,0.004152506310191928
2021-10-07,-0.009892144870289554,-0.003686955693233518
2021-10-08,0.008180302016037588,0.009773966899591757
2021-10-11,0.005893622760496431,0.02071340324249893
2021-10-12,0.0028359561343596074,0.014396903483360424
2021-10-13,0.0025632525445875576,0.009518885332609806
2021-10-14,0.00943759784921161,0.029227586988552545
2021-10-18,0.009734787740718787,0.03081452494818393
2021-10-19,0.007552396132719963,0.032514394245488853
2021-10-20,-0.003155307734996393,0.026345821861348817
2021-10-21,-0.008260625212080042,0.01526518262617027
2021-10-22,-0.004844908296702255,0.0009002221358074269
2021-10-25,-0.003476668084567369,-0.012195641481859476
2021-10-26,0.000579633328010587,-0.019031738061890513
2021-10-27,0.007889480889700096,-0.008162856294536835
2021-10-28,-0.0031448386638428527,-0.00304656541529702
2021-10-29,-0.0194223384240636,-0.017650338389032072
2021-11-01,-0.010393515763905459,-0.02446880691816533
2021-11-02,0.014599655057507821,-0.010799761427684018
2021-11-03,-0.002270048271341696,-0.020770902966946503
2021-11-04,-0.0033400508475575075,-0.020962663473189536
2021-11-08,0.004913376165984751,0.0033348237410575354
2021-11-09,0.008469704042186388,0.022459724012849458
2021-11-10,-0.001344921435271762,0.006391625429290171
2021-11-11,-0.0014991358050348014,0.007169230480322364
2021-11-12,-0.007970140510272006,0.002490318834864169
2021-11-15,0.012820606684330382,0.01037848335873659
2021-11-16,0.0003700663573213969,0.0022635150984240404
2021-11-17,-0.006087981951756416,-0.0024966835002839805
2021-11-18,-0.005586294529162039,-0.006579758967288907
2021-11-22,-0.007478195643460861,-0.006087124614111539
2021-11-23,-0.019603372100156835,-0.037905799878471536
2021-11-24,0.004983697932798847,-0.03346869372191963
2021-11-25,-0.0050446817378146935,-0.03245413478681236
2021-11-26,0.006959452503032093,-0.02024735847205661
2021-11-29,-0.029071254187753914,-0.041562614272561915
2021-11-30,0.0016151341742889347,-0.020819366994891064
2021-12-01,-0.004148599194972014,-0.029717191408117793
2021-12-02,0.01081664117042136,-0.014249191331223265
2021-12-03,0.013674571102433752,-0.0076755069855299896
2021-12-06,-0.01177768586739425,0.009999148842643857
2021-12-07,-0.01654091957599968,-0.00830888006833097
2021-12-08,0.015636548581649423,0.011393613035308947
2021-12-09,0.017060948527881648,0.017641484629361992
2021-12-10,0.002696066593683266,0.006620016846911492
2021-12-13,-0.00031677089480919296,0.018294299301169437
2021-12-14,-0.008169055116863166,0.026962704548478156
2021-12-15,-0.002495911181322197,0.008628035572354031
2021-12-16,-0.005974060321640162,-0.014215979586141736
2021-12-17,0.0015678167505297491,-0.01532519972120594
2021-12-20,-0.01525945397337003,-0.03004354554079247
2021-12-21,-0.021842546279377872,-0.0434154725576843
2021-12-22,0.00942870544420904,-0.03198002694144275
2021-12-23,0.011007170994593363,-0.015443063040319172
2021-12-24,0.006909306212627531,-0.010192294779146738
2021-12-27,-0.004032754879180422,0.001092173309896971
2021-12-28,0.004851870910828504,0.028412490727646178
2021-12-29,0.008603409174043453,0.027571673552335474
2021-12-30,-0.0011402602889762914,0.015225216819353182
2021-12-31,-0.0005606259494814747,0.0076935916251952285
2022-01-03,0.008724831757606522,0.020601383885907598
2022-01-04,0.015653315812207858,0.031572124881117825
2022-01-05,0.01018687423526421,0.033191649862910344
2022-01-06,0.0067395852346920915,0.04134233436203627
2022-01-07,-0.010005417462796928,0.03150155612435457
2022-01-10,0.003764183651131514,0.02642889797208281
2022-01-11,0.010700318921871732,0.021423352220734104
2022-01-12,0.002913311252602302,0.014068884177419472
2022-01-13,0.008673115731830494,0.016016491227458518
2022-01-14,0.0024956237305924223,0.028846121039619588
2022-01-17,-0.00011232356375068253,0.024872748133738076
2022-01-18,0.0028675682661627455,0.01693016363101818
2022-01-19,-0.010653690567923424,0.003173547554103262
2022-01-20,-0.00964224043394124,-0.015041948162964225
2022-01-21,-0.010112406160797005,-0.027429414267916785
2022-01-24,-0.007875745304668613,-0.03498073808936908
2022-01-25,-0.02656790518738339,-0.06330531429960717
2022-01-27,0.007513491221694313,-0.04610496445824952
2022-01-28,-0.00971173291462768,-0.04617189838358504
2022-01-31,-0.0004793161771092791,-0.03688972130709012
2022-02-01,0.0139107178709299,-0.015740387923211863
2022-02-02,0.013667938611870323,0.024943000492350098
2022-02-03,0.011557838585399605,0.029057313162211162
2022-02-04,-0.012362248664229525,0.026303031700503965
2022-02-07,-0.0024998826581151823,0.0242283237542138
2022-02-08,-0.017281112927623465,-0.007280916665606041
2022-02-09,0.0030876976246183574,-0.01764250228377684
2022-02-10,0.01141215233034587,-0.017783983056805397
2022-02-11,0.008133901085124018,0.0025996510663874872
2022-02-14,-0.01312629691281364,-0.008081088753712273
2022-02-15,-0.03061622289529342,-0.021541039442038223
2022-02-16,0.03025912638397754,0.004963251263266022
2022-02-17,-0.0017432697608654735,-0.008108290072343816
2022-02-18,-0.001016014719190439,-0.017110790259141306
2022-02-21,-0.0016353356196504576,-0.0056662236147282385
2022-02-22,-0.004031556958107085,0.021602678444077483
2022-02-23,-0.006651566067580439,-0.014997882818685304
2022-02-24,-0.0016937094155936583,-0.01494898052377247
2022-02-25,-0.04778103847083648,-0.061061766115064864
2022-02-28,0.025261660109649586,-0.03576578102272965
2022-03-02,0.008134034290366632,-0.02398781811856221
2022-03-03,-0.011191633122935585,-0.028448650391728836
2022-03-04,-0.00649757722841704,-0.033123772947709296
2022-03-07,-0.015317032007332254,-0.0001600562474797229
2022-03-08,-0.02352668473994779,-0.04773867726504821
2022-03-09,0.009474776509483585,-0.04647224153765839
2022-03-10,0.020726290088294297,-0.015693147434219124
2022-03-11,0.01526738719047449,0.005870366788121917
2022-03-14,0.0021421537513466316,0.02370522141011744
2022-03-15,0.014482565042708062,0.06355297439661234
2022-03-16,-0.012346456503312231,0.040562764224141956
2022-03-17,0.018745100484606647,0.038543072803940426
2022-03-21,0.018361988356508263,0.041708619776712696
2022-03-22,-0.009802202470463706,0.029292677799452438
2022-03-23,0.011561223252155806,0.0263286882564302
2022-03-24,-0.0040339354552280104,0.034966716115045315
2022-03-25,-0.0013278937068936791,0.014574096929842684
2022-03-28,-0.004049875890900112,-0.007754404319526564
2022-03-29,0.004022619949862971,0.006099008798396088
2022-03-30,0.005998187274997013,0.0005660120267967361
2022-03-31,0.009982465582194733,0.014647148913114805
2022-04-01,-0.001914477162001882,0.014051182302477816
2022-04-04,0.011777965258592316,0.030166689136011282
2022-04-05,0.021671841339984343,0.04827548430060391
2022-04-06,-0.005317557796472028,0.03648419253183066
2022-04-07,-0.008339180323571727,0.01768179050047869
2022-04-08,-0.00943974110495216,0.010008776607165926
2022-04-11,0.008208759390795572,0.006445811830530168
2022-04-12,-0.006151497975913078,-0.02096287478737391
2022-04-13,-0.008183810641252287,-0.023784044465477105
2022-04-18,-0.0031174816283502382,-0.018643672394578426
2022-04-19,-0.017281188010147552,-0.026412259382491143
2022-04-20,-0.012519178806467801,-0.0464284180690383
2022-04-21,0.010490244596548015,-0.03046110236791255
2022-04-22,0.014941678252146096,-0.007855037605645765
2022-04-25,-0.012686452605167986,-0.017378533278390784
2022-04-26,-0.012695122564301942,-0.012792922114854166
2022-04-27,0.014560121616207233,0.014278871552117378
2022-04-28,-0.009441443610115341,-0.005727546451902765
2022-04-29,0.012128508890934642,-0.0084834257925116
2022-05-02,-0.008263240381694681,-0.004041383806575927
2022-05-04,-0.0019559171203674675,0.006791950898239696
2022-05-05,-0.022936183451936376,-0.03041725664570938
2022-05-06,0.00030284821366977077,-0.020879307437554062
2022-05-09,-0.0162684216398562,-0.04835014937483195
2022-05-10,-0.006666182687180999,-0.0468176462164247
2022-05-11,-0.003790968888092272,-0.04857021305518394
2022-05-12,-0.0044919933245182175,-0.030609920609500185
2022-05-13,-0.022211752141785834,-0.05242874304412204
2022-05-16,-0.0016352232651188903,-0.03833343647650245
2022-05-17,0.0038112305721171857,-0.028190040743795053
2022-05-18,0.026321935902047233,0.0011853411923923307
2022-05-19,-0.0011685620062508173,0.004527725880407951
2022-05-20,-0.026532725334179386,8.85874636260553e-05
2022-05-23,0.028891038794289337,0.03066755720991665
2022-05-24,-0.0031630222318707046,0.02350671273843785
2022-05-25,-0.005522754266735541,-0.008250626759697566
2022-05-26,-0.006161219184365629,-0.013207884249654578
2022-05-27,0.009007387318995308,0.022818702233256438
2022-05-30,0.011273847198922216,0.005305484248887771
2022-05-31,0.018893205092962884,0.027549087552148244
2022-06-01,-0.004612433983534836,0.02848968099498106
2022-06-02,-0.0037264067061659745,0.03100938495232808
2022-06-03,0.006370004993115463,0.028314492958608994
2022-06-06,-0.002628050201467391,0.014178339219401037
2022-06-07,-0.0008893953501298846,-0.005512718452326593
2022-06-08,-0.009245946006475991,-0.010142039666528824
2022-06-09,-0.0036609606157923524,-0.010077015024738567
2022-06-10,0.00744972774168895,-0.009014938093877767
2022-06-13,-0.016767698414100085,-0.02306403999829465
2022-06-14,-0.026379749115209128,-0.04798865105774541
2022-06-15,-0.00268160945598539,-0.04168100803660035
2022-06-16,-0.0025393443813560568,-0.04060219239587315
2022-06-17,-0.021128447854290244,-0.06781728636742879
2022-06-20,-0.00436829362663993,-0.05606166078071839
2022-06-21,0.0037042135956451006,-0.026894841610089926
2022-06-22,0.018804337854487096,-0.005930537372894618
2022-06-23,-0.014419265085317434,-0.017770068409750595
2022-06-24,0.009300447519609234,0.012763224498758774
2022-06-27,0.009166472588529428,0.026530879131657192
2022-06-28,0.008458990377725017,0.031393791057370724
2022-06-29,0.0011464333961117568,0.013517686348388125
2022-06-30,-0.0032239710103227903,0.02503031859343774
2022-07-01,-0.001193081241402827,0.014373248981011333
2022-07-04,-0.0017870563085186086,0.003363205547239456
2022-07-05,0.005288188249805481,0.00020842561312073293
2022-07-06,-0.0015471713984448465,-0.002482655452461624
2022-07-07,0.011318189707300252,0.012070320463030804
2022-07-08,0.00894949203151052,0.02234757945057897
2022-07-11,0.005436047866567373,0.02974532270384711
2022-07-12,-0.00028356592763323363,0.024038016211504587
2022-07-13,-0.0097249750439381,0.015650657708221827
2022-07-14,-0.005707292501522909,-0.0014477613444362492
2022-07-15,-0.0017536552323109689,-0.012040612369545234
2022-07-18,0.0069359576863876615,-0.010566774237090293
2022-07-19,0.014287304158276504,0.0038542180562406436
2022-07-20,0.003811764271124396,0.017576580549181875
2022-07-21,0.01103388850696918,0.03470979856084311
2022-07-22,0.005108719746296009,0.041822839013213375
2022-07-25,0.006877295960614926,0.04176214485960861
2022-07-26,-0.005290199311757782,0.02165432933009792
2022-07-27,-0.00884795806776506,0.008769582810878918
2022-07-28,0.0095821774414373,0.0073211229891205765
2022-07-29,0.017293731123692924,0.019532955503530403
2022-08-01,0.013505953826479233,0.026244930410620704
2022-08-02,0.010595531668439406,0.04263428424328053
2022-08-03,0.000311327663805816,0.0522693199581834
2022-08-04,0.002461808358865669,0.04484788750841773
2022-08-05,-0.0003537116074355806,0.02672245068185064
2022-08-08,0.0008917270739845495,0.013943729692713402
2022-08-10,0.007334364671648164,0.010671758143009358
2022-08-11,0.0005506610997998429,0.010913570404701423
2022-08-12,0.007085929368824795,0.01557667740906088
2022-08-16,0.0022170219505635025,0.018188378243297665
2022-08-17,0.007181519343531395,0.024586865929012713
2022-08-18,0.006675923198833145,0.023917147403874184
2022-08-19,0.0006826699360520383,0.024052239125165853
2022-08-22,-0.011029475746944017,0.005631644982728279
2022-08-23,-0.0150773300473388,-0.011721630074117306
2022-08-24,0.00496268217550444,-0.013898823298410967
2022-08-25,0.001561611079505143,-0.018908607562311053
2022-08-26,-0.004686182219266755,-0.024172348801269727
2022-08-29,0.002080255529346653,-0.011236838626331735
2022-08-30,-0.014009988924553851,-0.01016533563932076
2022-09-01,0.02578426378902554,0.010342812188877781
2022-09-02,-0.012190795272107646,-0.0035301685183964926
2022-09-05,-0.0001910505934481499,0.0009701840072566803
2022-09-06,0.007203850071011875,0.006088102799539641
2022-09-07,-0.0005774531254664206,0.019794442930866296
2022-09-08,-0.0017671004916441913,-0.007596041774765472
2022-09-09,0.009892512965589573,0.014589986054197368
2022-09-12,0.0019439347917691308,0.016756534766828146
2022-09-13,0.005775695663245095,0.015314835227404622
2022-09-14,0.007454201929980142,0.02347420541044265
2022-09-15,-0.0036690976717561608,0.021524114350964796
2022-09-16,-0.007017960667916379,0.0044188715850832505
2022-09-19,-0.019384853148544656,-0.01696260134108374
2022-09-20,0.0052136885924867205,-0.017511902712401772
2022-09-21,0.011008809885230342,-0.014045382844930954
2022-09-22,-0.005495005437451739,-0.015852274699715285
2022-09-23,-0.004997577656902563,-0.01384986653343867
2022-09-26,-0.017155677232420508,-0.011608108251135452
2022-09-27,-0.017951321762256445,-0.03438546262537412
2022-09-28,-0.0005230508522044985,-0.04539954307865013
2022-09-29,-0.00874917846539458,-0.048523142332912106
2022-09-30,-0.0024023347691036756,-0.04604142621613039
2022-10-03,0.01642575596626905,-0.013446949778974537
2022-10-04,-0.012109264448790458,-0.007578096645840304
2022-10-06,0.02291367093271912,0.01569319146341286
2022-10-07,0.0033286441360573793,0.028068830320393534
2022-10-10,-0.0009895331040011834,0.029524785367141204
2022-10-11,-0.00425364584114718,0.008578880973896474
2022-10-12,-0.014932383199930399,0.005696641219625986
2022-10-13,0.008246145339619648,-0.008724009948846922
2022-10-14,-0.006380083772817624,-0.01831611013083112
2022-10-17,0.010070888003887335,-0.0074475180824222775
2022-10-18,0.007337586960815656,0.0041065356562843824
2022-10-19,0.010117285874136073,0.02964035283220956
2022-10-20,0.0014468379208691928,0.022696769341197243
2022-10-21,0.0029521745492440132,0.032302122737161154
2022-10-24,0.0007032337856462956,0.02272829039588009
2022-10-25,0.008787356376761757,0.024200210252173893
2022-10-27,-0.004196122026705051,0.009687246672127614
2022-10-28,0.004564907874966551,0.012830973675570068
2022-10-31,0.002810605244745412,0.012688009952915413
2022-11-01,0.012672230395564199,0.02480035150314497
2022-11-02,0.007395053222392978,0.023385947612199143
2022-11-03,-0.003447197631545107,0.024155615936237496
2022-11-04,-0.0016673473084335422,0.017801821277484198
2022-11-07,0.003570168155688336,0.018572739046093023
2022-11-09,0.004727586225111935,0.010581804042095522
2022-11-10,-0.002516139235956394,0.0006392589375427971
2022-11-11,-0.007093725904609771,-0.003022222260625762
2022-11-14,0.017833173247033374,0.016451833401817773
2022-11-15,-0.0011198455015547504,0.011701619483696746
2022-11-16,0.004050924260950772,0.011020260661295023
2022-11-17,0.0003396111515991951,0.01391476513878942
2022-11-18,-0.00357149639481924,0.017511520038377304
2022-11-21,-0.00197613371355454,-0.002291526832332691
2022-11-22,-0.008067729540576885,-0.009231261038784577
2022-11-23,0.00463933015368867,-0.0086506389306239
2022-11-24,0.0012634580983039712,-0.0077350947792858005
2022-11-25,0.011870949889830174,0.007642824904438017
2022-11-28,0.0015500019600884762,0.011202945489937166
2022-11-29,0.0027008413120686026,0.022180721784954782
2022-11-30,0.00297912654375021,0.020491530377271028
2022-12-01,0.007535634625419174,0.026884156584871866
2022-12-02,0.002886735334004964,0.017766642550359313
2022-12-05,-0.006187396179402005,0.009903963991033216
2022-12-06,0.00026482378562620035,0.007450446795329357
2022-12-07,-0.0031175136590962937,0.0013266275315391152
2022-12-08,-0.004411902750398933,-0.010547282330004126
2022-12-09,0.002631912360927746,-0.010798691860465115
2022-12-12,-0.006058782405979346,-0.010670674855624007
2022-12-13,2.977743269738653e-05,-0.010903151539989109
2022-12-14,0.0059927938646799905,-0.001863995386946704
2022-12-15,0.002810661073194387,0.005377052409687222
2022-12-16,-0.013150934355333654,-0.010449006699946195
2022-12-19,-0.00792295301794177,-0.012304943296693405
2022-12-20,0.008289956688926514,-0.004146648010921461
2022-12-21,-0.0019081205394395617,-0.01196792878063202
2022-12-22,-0.01012771964355863,-0.02471563439847757
2022-12-23,-0.003942502735851727,-0.015615114670747388
2022-12-26,-0.01768316025411787,-0.025299645232360835
2022-12-27,0.011669632893506865,-0.02203255765130252
2022-12-28,0.006533654614990558,-0.013760993252719511
2022-12-29,-0.0005405150382313817,-0.004208977972489425
2022-12-30,0.00377983170092433,0.003511290508353193
2023-01-02,-0.00471107793689185,0.016763258244249624
2023-01-03,0.005089583355357918,0.010150079010351254
2023-01-04,0.00192892762485819,0.0055288074695774014
2023-01-05,-0.010399069487028845,-0.004389614084701288
2023-01-06,-0.0028154392892826285,-0.010931208255456015
2023-01-09,-0.007375503705446151,-0.013578982501887271
2023-01-10,0.013536251708490266,-0.0052892028351329
2023-01-11,-0.010333504750958511,-0.017463293778533506
2023-01-12,-0.0010299775022909463,-0.008161082659756125
2023-01-13,-0.00209547554088918,-0.00744497844708969
2023-01-16,0.005510095918388247,0.005439719301254087
2023-01-17,-0.003438847072569362,-0.011399775610516083
2023-01-18,0.008854568511824201,0.0077676243411366475
2023-01-19,0.006206556323560042,0.015067887950557246
2023-01-20,-0.003165367099256078,0.013979594894589553
2023-01-23,-0.004428975305189153,0.003956806009802971
2023-01-24,0.005042276095628795,0.012500869063342357
2023-01-25,-1.3798013043020418e-05,0.003600449623456514
2023-01-27,-0.01249297962501228,-0.015050653937532799
2023-01-30,-0.016074246906178757,-0.027805620814263965
2023-01-31,0.0025334426073457816,-0.021006684935044984
2023-02-01,0.0007479862801675896,-0.025189674170701726
2023-02-02,-0.0025959245256645946,-0.027706792489034182
2023-02-03,-0.0003349392530399564,-0.01573606233075764
2023-02-06,0.013835596307890219,0.014184061178950103
2023-02-07,-0.005010133160870178,0.006552820181619401
2023-02-08,-0.0024261514654264627,0.0033602708652340496
2023-02-09,0.008475536424681795,0.014497847230891647
2023-02-10,0.0012170079483646568,0.01607282184655401
2023-02-13,-0.0020649578680046465,0.00013718000357498816
2023-02-14,-0.00479375070002519,0.00035468186103537747
2023-02-15,0.0089443537049958,0.011756883411393027
2023-02-16,0.004796470794436125,0.008065846949447675
2023-02-17,0.0011101336008929596,0.007958241526501375
2023-02-20,-0.005081567689351307,0.004911333057990186
2023-02-21,-0.005550518480140765,0.004147185405916742
2023-02-22,-0.001003126492992057,-0.005752998093808137
2023-02-23,-0.015280363131582653,-0.02561904312771468
2023-02-24,-0.002452434977984641,-0.029086492776160378
2023-02-27,-0.002595429723749043,-0.026660339180815562
2023-02-28,-0.004185411445805309,-0.025324210154179405
2023-03-01,-0.0051027157362857345,-0.029323992825894263
2023-03-02,0.008492348770636093,-0.005890316675868035
2023-03-03,-0.007392168719804415,-0.01081302644728388
2023-03-06,0.015728598629827895,0.007360030595505274
2023-03-08,0.006655523618366965,0.018326655109195178
2023-03-09,0.0024250512391459367,0.02603169751486001
2023-03-10,-0.009282249899975281,0.007947969196163251
2023-03-13,-0.010045664635585094,0.005253465148041814
2023-03-14,-0.014851035931626178,-0.025010803916873603
2023-03-15,-0.006470680525861194,-0.03772409751725303
2023-03-16,-0.004174683738684903,-0.04405949977409873
2023-03-17,0.0007924286811309411,-0.03433847349646757
2023-03-20,0.006738129621978839,-0.017966542181762968
2023-03-21,-0.0065292432199922645,-0.009671066908558124
2023-03-22,0.007010642946744028,0.0037668301213475974
2023-03-23,0.0025953757489405316,0.010590879521035212
2023-03-24,-0.004372693304643627,0.005375187414614846
2023-03-27,-0.007720933328590696,-0.00906430056745533
2023-03-28,0.0023988383407489433,-0.00015900095435061878
2023-03-29,-0.002001683861354908,-0.009107162428759308
2023-03-31,0.007609856589321451,-0.0041512118338745685
2023-04-03,0.016337198944623932,0.016563287417796335
2023-04-05,0.002206297973761151,0.026733469604071747
2023-04-06,0.009138954817361267,0.03363721181812185
2023-04-10,0.002397874785437182,0.038193880360905874
2023-04-11,0.0014148632219350699,0.031810850102877986
2023-04-12,0.005574768321964241,0.020884562349688274
2023-04-13,0.005083967961446945,0.02381586389100243
2023-04-17,0.0008757724412713497,0.015432501855001668
2023-04-18,-0.006795512150830185,0.006119569204168673
2023-04-19,-0.0026373533282438855,0.002048315102076703
2023-04-20,-0.002344283016240789,-0.005842964890854119
2023-04-21,0.0003234746363958152,-0.01055170374308012
2023-04-24,-2.260708945023282e-05,-0.011439826046107271
2023-04-25,0.006771973756565242,0.0020642170717171116
2023-04-26,0.0014568576938982503,0.006177728216454792
2023-04-27,0.0024958627615121465,0.011059218694572603
2023-04-28,0.005695152810193838,0.016488547181993107
2023-05-02,0.008370013603697934,0.025019742862924632
2023-05-03,0.004575166931912511,0.022783118855481233
2023-05-04,-0.00318502836487633,0.01804238273281089
2023-05-05,0.009173717607303677,0.024823796513439023
2023-05-08,-0.010232406865540389,0.008593289554675643
2023-05-09,0.010814123118324304,0.011037940250484324
2023-05-10,8.480038171931881e-05,0.006518685646826894
2023-05-11,0.0026908205008338015,0.012451734252299396
2023-05-12,-0.0009882342854272697,0.002256774120383387
2023-05-15,0.0009728797753729701,0.013603452390835047
2023-05-16,0.004589120522186851,0.007361271975783623
2023-05-17,-0.006106338807060685,0.001125086958464916
2023-05-18,-0.005728269488420423,-0.007280856354542675
2023-05-19,-0.002849053652701161,-0.009129954705689447
2023-05-22,0.0040513721791914925,-0.00608253357246713
2023-05-23,0.006097761825706316,-0.004589918421147865
2023-05-24,0.001834600568861644,0.0033631367402182644
2023-05-25,-0.0034117947119577385,0.0057007928623482584
2023-05-26,0.001955111686716471,0.01054615043693885
2023-05-29,0.009726420827874671,0.016257908544516697
2023-05-30,0.005367798508963517,0.015520573643541535
2023-05-31,0.0018925684396833287,0.015579333408273444
2023-06-01,-0.0053370195013254795,0.013617421258528273
2023-06-02,-0.0025169624936233204,0.00909329413398896
2023-06-05,0.002507044360454902,0.0018784444174400061
2023-06-06,0.003223787573137793,-0.00025812524829327277
2023-06-07,0.00027699431442118616,-0.001870231331987715
2023-06-08,0.006849851638528914,0.010359115803774133
2023-06-09,-0.0049048192636628185,0.007940435220619158
2023-06-12,-0.00381819725413457,0.0015809120414556066
2023-06-13,0.0020524046550352004,0.00041144737564957623
2023-06-14,0.0061635024393194016,0.0062987467404160835
2023-06-15,0.0021238341844009856,0.001575316098376689
2023-06-16,-0.0036149041015322014,0.0028736312859700686
2023-06-19,0.0073790483520230765,0.014146094134112497
2023-06-20,-0.0037475183921172883,0.008276172284493288
2023-06-21,0.003265717567498605,0.005372302852159505
2023-06-22,0.0021337637466720683,0.005382264601941467
2023-06-23,-0.004539443817404343,0.004449376467540178
2023-06-26,-0.005633615236065759,-0.00852544353553597
2023-06-27,0.0013768299134766515,-0.0034256710810087743
2023-06-28,0.00675190341711196,3.726327698871934e-05
2023-06-30,0.00822107281232487,0.006111837469536807
2023-07-03,0.01143527476356887,0.022257483185722737
2023-07-04,0.00695709243369369,0.035201349079853284
2023-07-05,0.003438946519135566,0.03733311988617638
2023-07-06,0.0004899685388621844,0.030880971723623807
2023-07-07,0.00509321758125636,0.027682817542001192
2023-07-10,-0.00848835445771845,0.007439138164118342
2023-07-11,0.0012466303397029588,0.0017259423847579836
2023-07-12,0.004313930032438185,0.0025994321844859947
2023-07-13,-0.002834429471475497,-0.0007319750882800458
2023-07-14,0.0015192303855748879,-0.004285248619149806
2023-07-17,0.007765114931427508,0.012037120668846102
2023-07-18,0.007511013251041421,0.018369015181397108
2023-07-19,0.001917706853032497,0.01593925754646386
2023-07-20,0.004248282371482448,0.023155315966266965
2023-07-21,0.007361412439498949,0.029123708228703915
2023-07-24,-0.011719737128305097,0.009225893838329613
2023-07-25,-0.0036794322929856182,-0.0019835989196475
2023-07-26,0.0004193703428323481,-0.0034761011494107708
2023-07-27,0.004964339187534694,-0.002765552032567009
2023-07-28,-0.0059863783008722304,-0.015979157960080426
2023-07-31,-0.0007044597937843067,-0.005011355722967847
2023-08-01,0.005484562836559181,0.004140388590704092
2023-08-02,-0.0010251191770254131,0.0026905263521430633
2023-08-03,-0.010489749274959825,-0.01272859598933096
2023-08-04,-0.007420685416911321,-0.014153174455181161
2023-08-07,0.006983389270114548,-0.0065687899663359195
2023-08-08,0.004114401867602702,-0.007922525985406659
2023-08-09,-0.0013497354646058168,-0.008244900964786916
2023-08-10,0.003152707884763739,0.005428506098567265
2023-08-11,-0.004556268458015711,0.00833000366305714
2023-08-14,-0.005874136161590715,-0.004544715824665646
2023-08-16,0.00032169565781225984,-0.008304715114425987
2023-08-17,0.0015667570139761278,-0.005408534196915782
2023-08-18,-0.005124582584125403,-0.013615183489314342
2023-08-21,-0.0028452826260957353,-0.011919768276586584
2023-08-22,0.0043215209131937105,-0.0017861146101099123
2023-08-23,0.00014693555773015454,-0.001960506467520662
2023-08-24,0.0024515199000461063,-0.0010788594913948568
2023-08-25,-0.002946964680621278,0.001107613831476506
2023-08-28,-0.006236153774081932,-0.0022966993253730195
2023-08-29,0.002089194238900971,-0.004514315541642833
2023-08-30,0.0018957584743610756,-0.002773643130155712
2023-08-31,0.0002480956863764039,-0.004965582249022882
2023-09-01,-0.004840350603388277,-0.006855134853047451
2023-09-04,0.009426710188917609,0.008797973254502045
2023-09-05,0.004810833701642592,0.01153783352814619
2023-09-06,0.0023605960187407238,0.012007144590307384
2023-09-07,0.0018467726478093027,0.013624615809537222
2023-09-08,0.005915032360780392,0.024579562517384357
2023-09-11,0.004709190366575022,0.019791226378708116
2023-09-12,0.008900143420050854,0.02394150226438385
2023-09-13,-0.0001575482868895195,0.02136914210431118
2023-09-14,0.003841345269944396,0.02340258173156129
2023-09-15,0.001649208239910216,0.019062597460458797
2023-09-18,0.004439613877174287,0.01878916976602052
2023-09-20,-0.002924316846098174,0.006848808635091741
2023-09-21,-0.011518249945432046,-0.00459150269652242
2023-09-22,-0.007991939166498319,-0.01632538069880418
2023-09-25,-0.003449417659114995,-0.02133251178713791
2023-09-26,1.5288066889551644e-05,-0.02564331730293501
2023-09-27,-0.0005007261720755274,-0.023274949676230228
2023-09-28,0.002631619198663282,-0.009293374749755112
2023-09-29,-0.009783629666773708,-0.011082714694764628
2023-10-03,0.005877516917168757,-0.0018272218127756146
2023-10-04,-0.005578424654468894,-0.007410628220744453
2023-10-05,-0.004744307271330683,-0.011624871900254297
2023-10-06,0.005641584105285702,-0.008657705901104595
2023-10-09,0.0055127073660514725,0.006656023804583855
2023-10-10,-0.00718194675884698,-0.0064135473469911775
2023-10-11,0.00909680297624016,0.008249355917557377
2023-10-12,0.006170692128707245,0.019306857216300655
2023-10-13,-0.0008757409120068171,0.012700970799278677
2023-10-16,-0.0021698099802970328,0.004963532258885239
2023-10-17,-0.0009772027556287366,0.011244180993947861
2023-10-18,0.004041709427698992,0.006178330106039853
2023-10-19,-0.007086812741337156,-0.007079275403510721
2023-10-20,-0.0023588102112444,-0.008553136367080882
2023-10-23,-0.004180896084593599,-0.01055135713705102
2023-10-25,-0.013350307425555652,-0.02280588391805083
2023-10-26,-0.008277236732921023,-0.03479542737172858
2023-10-27,-0.013853064912347501,-0.0413728579253968
2023-10-30,0.010075700327460302,-0.029424614987132558
2023-10-31,0.004916740769664862,-0.020557600528571474
2023-11-01,-0.0032026069828995363,-0.010484027156508091
2023-11-02,-0.004740624572936891,-0.006955284697750641
2023-11-03,0.007588523257266999,0.01463628047567922
2023-11-06,0.005087980838331285,0.009626040996731922
2023-11-07,0.00941990339899168,0.01415030661293537
2023-11-08,-0.000260191958478706,0.01714394515984896
2023-11-09,0.0018962926582819506,0.023926800305890117
2023-11-10,-0.002478937369815082,0.013696093515215724
2023-11-13,0.001549283945833313,0.010127089324092564
2023-11-15,0.0009369804014345284,0.0016382233054721418
2023-11-16,0.011926753508604282,0.013848310677188502
2023-11-17,0.004561522280999375,0.01654533488055132
2023-11-20,-0.0016897597201204206,0.017349563370798737
2023-11-21,-0.0019157289123818977,0.013829887030467836
2023-11-22,0.0045394734754240496,0.01747878323247054
2023-11-23,0.0014380348265852216,0.006932517225325396
2023-11-24,-0.0004971574875239915,0.0018618978155853227
2023-11-28,-0.00036868908443588033,0.003187668383504594
2023-11-29,0.004799264638990497,0.009936996991469549
2023-11-30,0.010402389113554511,0.015831414851130488
2023-12-01,0.0018187545137213768,0.01621760651251658
2023-12-04,0.0066929416105065975,0.0235279461986162
2023-12-05,0.020668169003769332,0.04506769982415193
2023-12-06,0.008135565760247543,0.04853770688070114
2023-12-07,0.003960643244200535,0.04185283210711077
2023-12-08,-0.0017455990623970186,0.03814604198047511
2023-12-11,0.003265370504707432,0.03461137989036511
2023-12-12,0.001320935183362959,0.014999846105070436
2023-12-13,-0.004319607014175553,0.0024598674765829998
2023-12-14,0.0009542158562574343,-0.0005420657378073512
2023-12-15,0.012250087289956912,0.01347049434423897
2023-12-18,0.012932779200891975,0.023236239039903017
2023-12-19,-0.0017710126840955187,0.02007661958520135
2023-12-20,0.0016083748565725031,0.026149849258371383
2023-12-21,-0.01412146609423337,0.010694688057287127
2023-12-22,0.004959794076523361,0.0034155969337448244
2023-12-26,0.004438926556610712,-0.0049984502728748215
2023-12-27,0.004306875934107168,0.0010597875373108412
2023-12-28,0.0099527499207277,0.009399592333821927
2023-12-29,0.005723881307796219,0.0297184093973919
2024-01-01,-0.0021717930740454694,0.02241112544389723
2024-01-02,0.00048317180721269004,0.01838459126806935
2024-01-03,-0.003500136051024061,0.010468145707435372
2024-01-04,-0.00685186637566948,-0.006345046265830767
2024-01-05,0.006564470186349425,-0.0055145446552474775
2024-01-08,0.002410182228605562,-0.0009479190942469629
2024-01-09,-0.00911070868564301,-0.010528076502627215
2024-01-10,0.0014804820050666745,-0.0055825848809463174
2024-01-11,0.0034277152411805734,0.0047101344363917885
2024-01-12,0.0013183031833516878,-0.0005263678552913653
2024-01-15,0.011426492637705898,0.008463529367313427
2024-01-16,0.009267074694848665,0.02716725787895702
2024-01-17,-0.0029482333845447517,0.022624951239524682
2024-01-18,-0.020894393512082443,-0.0021624797832171527
2024-01-19,-0.0050852715087356115,-0.00854379436716246
2024-01-23,0.00746195718645537,-0.012430051355886373
2024-01-24,-0.01774084294273448,-0.038857355389753545
2024-01-25,0.010129971071150878,-0.02625016643709721
2024-01-29,-0.004724053755400193,-0.010168279516639345
2024-01-30,0.018030591452244726,0.012829484763946075
2024-01-31,-0.009913698102483215,-0.0046387440542211555
2024-02-01,0.009460025419002926,0.022924949601196065
2024-02-02,-0.0013003033741542103,0.011349891692070901
2024-02-05,0.007205988175093214,0.023472606663543782
2024-02-06,-0.0037568550808078083,0.0015686924953890458
2024-02-07,0.007243402101531293,0.018924769824621546
2024-02-08,5.014315737827957e-05,0.009426660066859993
2024-02-09,-0.009692017110872975,0.0009448115210834995
2024-02-12,0.0029722318898448563,-0.0032626261199916184
2024-02-13,-0.0076414194307357075,-0.007149117573972075
2024-02-14,0.005884480011507653,-0.008488622001018409
2024-02-15,0.004451992284961959,-0.004124357344793772
2024-02-16,0.0032371361888359207,0.008877485590745637
2024-02-19,0.005930843022260657,0.011853516297486433
2024-02-20,0.0037000088082788096,0.023417747481842666
2024-02-21,0.0033766555730090353,0.02086620991572108
2024-02-22,-0.006392700010330099,0.009844299454861094
2024-02-23,0.0073633218581414805,0.013997659539267238
2024-02-26,-0.0002137959201901074,0.00780374516674498
2024-02-27,-0.004080928508836235,-9.005356597979741e-06
2024-02-28,0.003448994348646428,6.308932868193118e-05
2024-02-29,-0.011135927809948543,-0.004710956762490448
2024-03-01,0.0014418556686905948,-0.010561448129786766
2024-03-04,0.016192168700068565,0.005674716971974192
2024-03-05,0.0029925402887358565,0.012817474786981586
2024-03-06,-0.00220029050703785,0.00711544662799124
2024-03-07,0.005266971542034149,0.023821092804699795
2024-03-11,0.0008676673462120199,0.023234073086612295
2024-03-12,-0.007153178801771132,-0.0002730506127245347
2024-03-13,0.0001365188668460693,-0.0031197732639902664
2024-03-14,-0.015132725270416536,-0.016040290654917078
2024-03-15,0.006771215952804832,-0.01456792964524889
2024-03-18,-0.005567468627318717,-0.020903821564132397
2024-03-19,0.0014688778023679294,-0.012401177962793941
2024-03-20,-0.010802196640288697,-0.023202765891696342
2024-03-21,0.0009923428906801757,-0.007209827164097904
2024-03-22,0.0079146856998078,-0.0060822367942386935
2024-03-26,0.0038524885010076115,0.003332844091697762
2024-03-27,-0.00416580634029895,-0.0023123275074700134
2024-03-28,0.005405716783151604,0.014034691627096807
2024-04-01,0.009187001078543977,0.022336121450748703
2024-04-02,0.006050979178091831,0.020445748660306906
2024-04-03,-0.0003872860275131451,0.01613589243893343
2024-04-04,-0.0008306302403686683,0.01953906152503282
2024-04-05,0.003565912488363576,0.017673394448761037
2024-04-08,-4.224679746289706e-05,0.008366536548146897
2024-04-09,0.006778164752814453,0.009095395835188258
2024-04-10,-0.0010390218270411866,0.008437477437981178
2024-04-12,0.0049044741142307835,0.014225779544947414
2024-04-15,-0.010301592814249916,0.00021097374010214942
2024-04-16,-0.010963897188301042,-0.010713442353761371
2024-04-18,-0.005594325260972033,-0.022870974652106968
2024-04-19,-0.0068652458503182245,-0.028569868528557696
2024-04-22,0.0068717686886063944,-0.02666810644444184
2024-04-23,0.008551965982977361,-0.008126326492963964
2024-04-24,0.0014147135985376202,0.004287798855090452
2024-04-25,0.0015379287654238016,0.011490931217467804
2024-04-26,0.0074969296067168845,0.026118563738276368
2024-04-29,-0.006663626980883297,0.012324433049623051
2024-04-30,0.00996662256880243,0.013744381128163008
2024-05-02,-0.00170251731563964,0.010588770090083965
2024-05-03,0.0019177127972140884,0.010971986208578866
2024-05-06,-0.007609859296553445,-0.0041869090038706425
2024-05-07,-0.0014749338156797576,0.001014721299233523
2024-05-08,-0.006246985595782073,-0.015055176552287719
2024-05-09,0.0,-0.01337543113976769
2024-05-10,-0.01546911781190452,-0.030496871388263957
2024-05-13,0.0044494691449390444,-0.018715661384811066
2024-05-14,0.0022149680905385605,-0.015089470040977604
2024-05-15,0.005148324587705533,-0.0037955561315995423
2024-05-16,-0.0007786004689536163,-0.004571201378769207
2024-05-17,0.009157377676264788,0.02032788839234878
2024-05-21,0.0027785403439750667,0.018630545412424926
2024-05-22,0.002802051667603722,0.019227245006173677
2024-05-23,0.0030516154749500313,0.01710116768972436
2024-05-24,0.01636661960848307,0.034553179195124795
2024-05-27,-0.0004593757337192361,0.02469441679203599
2024-05-28,-0.0010737589261899938,0.020757924939511785
2024-05-29,-0.0019317094176221072,0.01593940254570625
2024-05-30,-0.008015115627261094,0.004730479684053934
2024-05-31,-0.009515599658179275,-0.020855420204215602
2024-06-03,0.0018697799732139142,-0.018573791893592317
2024-06-04,0.03254231769535276,0.014453369926313853
2024-06-05,-0.05929359941641077,-0.0438502182787166
2024-06-06,0.033624236760035675,-0.0037150727504613457
2024-06-07,0.008888049244237806,0.014796352569859783
2024-06-10,0.020539931466807104,0.03370739471960049
2024-06-11,-0.0013289382574128705,-0.00020208012397160413
2024-06-12,0.0002429314342191624,0.06307430415933646
2024-06-13,0.002497312914139238,0.031060510624637105
2024-06-14,0.0032564994745150067,0.025305195567106198
2024-06-18,0.0028505279152657437,0.007533193895588708
2024-06-19,0.003933450786960613,0.012842280985933874
2024-06-20,-0.0017786131162043084,0.010795272475081719
2024-06-21,0.0021687361796223215,0.010463976016112042
2024-06-24,-0.00279629951309035,0.0043676932267699975
2024-06-25,0.00156375661610908,0.0030789752319448915
2024-06-26,0.007793879853915442,0.006936118580840311
2024-06-27,0.006218040121837909,0.015002584676390596
2024-06-28,0.007361040898544724,0.020261382441549625
2024-07-01,-0.0014099020825968367,0.02167983662333617
2024-07-02,0.005470484349075377,0.025665029703239695
2024-07-03,-0.0007497161563467802,0.016969930605289063
2024-07-04,0.006742306607722792,0.01749979911341515
2024-07-05,0.0006444070008029268,0.010715564500197505
2024-07-08,0.0008928929498506211,0.013046321420381757
2024-07-09,-0.00013562113637344275,0.007397976065714129
2024-07-10,0.004631820986013446,0.012823393213941214
2024-07-11,-0.004450911197766749,0.001562564336153871
2024-07-12,-0.0003494426502141934,0.0005678027624387294
2024-07-15,0.007657573644356042,0.007330286287466459
2024-07-16,0.003450669707641296,0.010943355678654676
2024-07-18,0.0010697158254551198,0.007358871821911084
2024-07-19,0.007632129743428306,0.01958524883094892
2024-07-22,-0.010884676251089243,0.00883992518413601
2024-07-23,-0.0008825762723847497,0.00028975454243052035
2024-07-24,-0.0012321559717249908,-0.004378320023450177
2024-07-25,-0.002677831825905974,-0.008105472717669482
2024-07-26,-0.0003031269840456652,-0.01591679342512442
2024-07-29,0.01756732976027453,0.012390463208034497
2024-07-30,5.03324972633834e-05,0.013335765450799286
2024-07-31,0.0008536433743000504,0.015451988043985843
2024-08-01,0.00377553501085659,0.022022667402257
2024-08-02,0.0023946791656728195,0.02478072248044416
2024-08-05,-0.011722935491954689,-0.004717177372428161
2024-08-06,-0.02678645789462286,-0.031426029540700506
2024-08-07,-0.0026209626510589334,-0.034788572082302904
2024-08-08,0.012710162480444431,-0.026197204553365938
2024-08-09,-0.007428747813561065,-0.03574043223809997
2024-08-12,0.010386864037815746,-0.014167953726225035
2024-08-13,-0.0008412844977941925,0.012113619920387952
2024-08-14,-0.008543146999630324,0.006103945348922668
2024-08-16,0.00019677699987563635,-0.006327811503241021
2024-08-19,0.016459762490292462,0.0175871953653024
2024-08-20,0.0012835584110202358,0.008419016748743235
2024-08-21,0.005135759339910173,0.014451456416601616
2024-08-22,0.0028887826964991703,0.02614852391358391
2024-08-23,0.001667357653657442,0.02765726119596179
2024-08-26,0.00046955607782672715,0.011490903870086111
2024-08-27,0.007551387144671073,0.01782262848280647
2024-08-28,0.0002858944102370753,0.01291154833802266
2024-08-29,0.0013830024432652799,0.011390719474368316
2024-08-30,0.00397565940632294,0.013721428319529272
2024-09-02,0.003337760073577778,0.016627623549180237
2024-09-03,0.001695950113232314,0.010719439500143091
2024-09-04,4.550829989491412e-05,0.010476546027320621
2024-09-05,-0.0032100820170585243,0.005841751837928788
2024-09-06,-0.0021270784221717465,-0.0002723291668342842
2024-09-09,-0.011650350298901935,-0.015206511123437516
2024-09-10,0.003390048695012693,-0.013540998496912593
2024-09-11,0.0041986500501236534,-0.009444280867535682
2024-09-12,-0.004897963449619458,-0.011121605824457426
2024-09-13,0.01887963282727112,0.009695757226553248
2024-09-16,-0.0012761636040355961,0.020294002790408605
2024-09-17,0.0010746751326089488,0.017939622494318908
2024-09-18,0.0013709866056039743,0.015073266660130535
2024-09-19,-0.0016129951842196455,0.01842416269446434
2024-09-20,0.0015072376499098983,0.0010595335052372423
2024-09-23,0.014760441377741573,0.01713364300080844
2024-09-24,0.005742385099666292,0.021876231102575527
2024-09-25,5.2030021699067674e-05,0.02053026601972685
2024-09-26,0.0024575565157058943,0.024691098631864694
2024-09-27,0.008148714241454025,0.031486318565668414
2024-09-30,-0.0014152231703233875,0.015044037220542705
2024-10-01,-0.014060900852023384,-0.004942400281187975
2024-10-03,-0.0005404401234794243,-0.005531911529471301
2024-10-04,-0.021196375260987388,-0.028997324270276903
2024-10-07,-0.009326695880144675,-0.045828839053603354
2024-10-08,-0.008748875168602677,-0.052836315437722714
2024-10-09,0.00876764730346924,-0.030905577724968047
2024-10-10,-0.0012473907279866303,-0.031591050069378346
2024-10-11,0.0006604768849507447,-0.00996631278759652
2024-10-14,-0.0013680536120755926,-0.0020128089260372795
2024-10-15,0.006557345754428789,0.013397425718117084
2024-10-16,-0.0028096049048969007,0.0017670392597393114
2024-10-17,-0.0034340754096676696,-0.00042624526239964933
2024-10-18,-0.008868227322834543,-0.009944601251046348
2024-10-21,0.004210173941240125,-0.0044142811720760955
2024-10-22,-0.00293518237799828,-0.013803339315736407
2024-10-23,-0.012469180337869368,-0.02335642073577615
2024-10-24,-0.001495564743491773,-0.021456662828406303
2024-10-25,-0.0014773427748562273,-0.014159650433481996
2024-10-28,-0.008959220549493163,-0.027088139713140946
2024-10-29,0.0065485676346082045,-0.0178341246238648
2024-10-30,0.0052466588480091225,-0.0002145300192382127
2024-10-31,-0.005149825253829232,-0.0038734787757566114
2024-11-01,-0.005566773640794054,-0.007953096311520857
2024-11-04,0.004090004961616156,0.00510937703191372
2024-11-05,-0.0127137736646451,-0.014125422446234048
2024-11-06,0.00908305881860727,-0.010362953636166017
2024-11-07,0.011181870759630508,0.005883162427487543
2024-11-08,-0.011628025706147627,-0.00024787908858281416
2024-11-11,-0.002113709312467793,-0.006424791987223899
2024-11-12,-0.00028567088740283353,0.006082477407121312
2024-11-13,-0.010680930776533315,-0.01362274253642548
2024-11-14,-0.013582562322921432,-0.03777969618934007
2024-11-18,-0.0011185324376894457,-0.027548277180422076
2024-11-19,-0.0033527151631265184,-0.02875570270104577
2024-11-21,0.002758581406631766,-0.025798145132830408
2024-11-22,-0.007168807933116472,-0.02233968901385197
2024-11-25,0.023869464111237804,0.014779849238540699
2024-11-26,0.013161295867362366,0.029286957924736123
2024-11-27,-0.0011312238174179257,0.031581201940716896
2024-11-28,0.003323085437806128,0.032161931697387125
2024-11-29,-0.014861029054492936,0.024164985313022802
2024-12-02,0.009072001940535257,0.009363252125401234
2024-12-03,0.006006820004948565,0.0022355962889666348
2024-12-04,0.007460011144599932,0.010855789151460016
2024-12-05,0.00042109681465385407,0.00793201310928393
2024-12-06,0.009847825562885104,0.03321255353112473
2024-12-09,-0.0012384293961259507,0.02265546041103761
2024-12-10,-0.0023827399277279726,0.014127059703421097
2024-12-11,-0.0003635086213900074,0.006251766382546764
2024-12-12,0.0012901233029631864,0.00712585774435337
2024-12-13,-0.003778196379659149,-0.006463436294953162
2024-12-16,0.008945547808588916,0.003667263578396307
2024-12-17,-0.004039468921733236,0.00200048742840897
2024-12-18,-0.013468730047733413,-0.011135725955461862
2024-12-19,-0.005635699812006956,-0.017975600720384177
2024-12-20,-0.010213311567061067,-0.024319007483053046
2024-12-23,-0.01520556915080562,-0.047673871198458895
2024-12-24,0.0070354729729729115,-0.03708413775804931
2024-12-26,-0.0010861087115143775,-0.024997929379314554
2024-12-27,0.0009503186263191132,-0.018540153679503235
2024-12-30,0.002661079652128029,-0.005774071679087278
2024-12-31,-0.007075847935867907,0.0024335088765234936
2025-01-01,-4.212721278373799e-06,-0.004574006768424899
2025-01-02,0.004148887118253564,0.0006427100765959981
2025-01-03,0.018774033191665485,0.01846094712034496
2025-01-06,-0.007602755327609123,0.008035375302820391
2025-01-07,-0.016192595996625703,-0.0012201197255387042
2025-01-08,0.0038892874268343647,0.002668646268529251
2025-01-09,-0.0007993610384197103,-0.0022723075524632153
2025-01-10,-0.006857594959147506,-0.027374424779054052
2025-01-13,-0.004037999702463213,-0.02388069028004869
2025-01-14,-0.014747275302477436,-0.022446664237395497
2025-01-15,0.003902874499386977,-0.02243343360702299
2025-01-16,0.0016028803979861728,-0.020083204012419476
2025-01-17,0.004247650725383689,-0.009125846120332404
2025-01-20,-0.004658651792672774,-0.009743327625205356
2025-01-21,0.006100485537167577,0.01121031579848597
2025-01-22,-0.013711845677293555,-0.006532622492676166
2025-01-23,0.0056764909144164655,-0.002492099810536774
2025-01-24,0.0021593282262408753,-0.004566407068844702
2025-01-27,-0.004876047658393667,-0.004783823082047389
2025-01-28,-0.011391241935562957,-0.022086319595412296
2025-01-29,0.005611229817278129,-0.0029273143991990214
2025-01-30,0.008966649288351114,0.0003346958750674034
2025-01-31,0.003730087599762788,0.001902595365646409
2025-02-01,0.011135740150325812,0.018023453198734662
2025-02-03,-0.0011166221250199504,0.02860378020323351
2025-02-04,-0.005157091976693451,0.017589248766729515
2025-02-05,0.016189306820631133,0.024873630919059364
2025-02-06,-0.001809207062143936,0.019217651186046902
2025-02-07,-0.003922602634608197,0.0040389485108422996
2025-02-10,-0.0018387386257991967,0.003313104925691146
2025-02-11,-0.007570033692307909,0.0008796191711331058
2025-02-12,-0.013249684936046169,-0.02811585112208681
2025-02-13,-0.0011507892904301098,-0.027474785505978705
2025-02-14,-0.0006009745771905495,-0.02423169711992179
2025-02-17,-0.004435266153706374,-0.02676997360622757
2025-02-18,0.0013192755977626813,-0.0180526403850384
2025-02-19,-0.0006184463402948426,-0.005482883681225403
2025-02-20,-0.0005404326900405598,-0.004875174249574177
2025-02-21,-0.0008612081186238907,-0.005134294832029984
2025-02-24,-0.005117148798882476,-0.005815698698169336
2025-02-25,-0.010640105330068539,-0.01768986217578783
2025-02-27,-0.00025711604818956513,-0.01733470412055027
2025-02-28,-0.00011087678764998277,-0.01691236619741099
2025-03-03,-0.018644959666695105,-0.034410421894564
2025-03-04,-0.00024400049223838316,-0.02968075828464567
2025-03-05,-0.0016569416451024388,-0.020870479414478615
2025-03-06,0.011531695069225467,-0.009324737841364117
2025-03-07,0.009284847776867,-1.559377725124378e-05
2025-03-10,0.00034601398645017767,0.01933589139541625
2025-03-11,-0.004088203913091726,0.015416400517011652
2025-03-12,0.0016740474556060647,0.018804355122892913
2025-03-13,-0.0012179087892316698,0.00596308479947627
2025-03-17,-0.003262089461738671,-0.0065425579010309765
2025-03-18,0.004980568336268254,-0.0019399179691830248
2025-03-19,0.01446329899483545,0.016651602471513538
2025-03-20,0.0032100316461272094,0.01821055350217149
2025-03-21,0.012356195589090069,0.032048703438953385
2025-03-24,0.0068885519512889015,0.04255894509689506
2025-03-25,0.013188177230298859,0.0510734540734159
2025-03-26,0.00043539728764163677,0.036539310634819744
2025-03-27,-0.007681079328545448,0.025286368274174853
2025-03-28,0.004474827877002596,0.01730433693602773
2025-04-01,-0.0030773044101545244,0.007235388512559782
2025-04-02,-0.015036571865236992,-0.0208235315970553
2025-04-03,0.0071938424586863725,-0.014208701201789076
2025-04-04,-0.0035251486188494496,-0.010080108824194967
2025-04-07,-0.014866619775066536,-0.02914129704270474
2025-04-08,-0.03243254628305536,-0.05772906234867947
2025-04-09,0.016887318902814252,-0.027188888339930162
2025-04-11,-0.006065856008070525,-0.03999593844483784
2025-04-15,0.019170387409190415,-0.01813105471406329
2025-04-16,0.02190239778210845,0.01851612140722514
2025-04-17,0.004657316201027051,0.05755900439765127
2025-04-21,0.017683476937954135,0.05838700577335332
2025-04-22,0.011483498464016417,0.07707436936302603
2025-04-23,0.0017284255654137493,0.05864144559932072
2025-04-24,0.006690840652122221,0.04288300833089287
2025-04-25,-0.0033807460922566923,0.03453910991857723
2025-04-28,-0.00855166336268387,0.007869443651739028
2025-04-29,0.012028211882747275,0.008412210796353348
2025-04-30,0.0003061930965739812,0.006980488833028264
2025-05-02,-7.191007773188485e-05,0.0002157923037611198
2025-05-05,0.0005136803511647248,0.00412427271431115
2025-05-06,0.004700890697612925,0.01754626427519912
2025-05-07,-0.0033338898599493128,0.0021004011498859665
2025-05-08,0.0014274549954715887,0.003223674210108829
2025-05-09,-0.005758880297096702,-0.002482039246784029
2025-05-12,-0.0109501096942064,-0.01391150462355728
2025-05-13,0.038183073090219954,0.018950409965291737
2025-05-14,-0.01389583907654357,0.008152307797687275
2025-05-15,0.0036027960647213586,0.010342256863165034
2025-05-16,0.01602143814146184,0.03247529446372943
2025-05-19,-0.0016877607536591732,0.04214431777949024
2025-05-20,-0.0029717088137536374,0.0008325075387225489
2025-05-21,-0.010484831354666824,0.004294461708272745
2025-05-22,0.00524831270888626,0.005941112413973881
2025-05-23,-0.008211272774042211,-0.018051176783918432
2025-05-26,0.009892488718005854,-0.006660740110684182
2025-05-27,0.005954979456279652,0.0022329191744172583
2025-05-28,-0.0069977248703164685,0.005764843718906176
2025-05-29,-0.0029706520659956714,-0.002458344241553778
2025-05-30,0.003278479228775888,0.009098054739913763
2025-06-02,-0.00333823496911434,-0.004122260971536451
2025-06-03,-0.0013777230725331435,-0.011381507522817857
2025-06-04,-0.007043833380258491,-0.011427412478658305
2025-06-05,0.003165904807986175,-0.00534290561839923
2025-06-06,0.005308696762106768,-0.0033301341751028612
2025-06-09,0.01018752395450262,0.01019573468489443
2025-06-10,0.004005448710087123,0.015641294331942168
2025-06-11,4.18584595869298e-05,0.02288886625241937
2025-06-12,0.0014798446727146697,0.021169656965166483
2025-06-13,-0.010071084662786611,0.005547225594144667
2025-06-16,-0.006814458847919758,-0.011376658567134212
2025-06-17,0.00921979376770854,-0.006242201138767944
2025-06-18,-0.0037319707924959866,-0.009992316415547209
2025-06-19,-0.0016637405234334324,-0.013099891185767487
2025-06-20,-0.0007577278241026608,-0.0038150296819573493
2025-06-23,0.01287247095983779,0.015931354828881306
2025-06-24,-0.0055948454872697395,0.0010181945613612076
2025-06-25,0.0029012296868362597,0.007683021870199536
2025-06-26,0.008001820520425307,0.017439075172173357
2025-06-27,0.012052010814129765,0.030482086858318214
2025-06-30,0.003475704773181043,0.02092195020995069
2025-07-01,-0.004709842354665206,0.02183055282527313
2025-07-02,0.0009699396772837598,0.01986281055942407
2025-07-03,-0.0034610085397696055,0.008265100293130212
2025-07-04,-0.00188971251922454,-0.0056244557027672615
2025-07-07,0.0021924250859925998,-0.006896097787736255
2025-07-08,1.1813410706551508e-05,-0.002184813616507908
2025-07-09,0.0024036171315751087,-0.0007556546781998241
2025-07-10,-0.00181801902732881,0.000891795139417173
2025-07-11,-0.004743646446198069,-0.001970092056022388
2025-07-14,-0.008100901810276007,-0.012220666534111024
2025-07-15,-0.002685854157148504,-0.014885335327372573
2025-07-16,0.004525103218794291,-0.012800439563130595
2025-07-17,0.0006449487413033861,-0.010364570408094687
2025-07-18,-0.003990217351728331,-0.00961539646621512
2025-07-21,-0.0056965580472427835,-0.007214723808223522
2025-07-22,0.004898144302865282,0.00033483521201849165
2025-07-23,-0.0011876443882732346,-0.0053540822852270464
2025-07-24,0.006344544590244583,0.0003113435492854144
2025-07-25,-0.006256994627491075,-0.0019652234701831306
2025-07-28,-0.008981674037030651,-0.00526266755455973
2025-07-29,-0.006284962329387578,-0.01633269860485842
2025-07-30,0.005680474234370125,-0.009568721694441118
2025-07-31,0.001367835124523431,-0.014466734750095411
2025-08-01,-0.0034882717656889994,-0.011720885503547995
2025-08-04,-0.008195943742782208,-0.010937326997020547
2025-08-05,0.006407415043054421,0.0016956273358201823
2025-08-06,-0.0029608040671041946,-0.006911411292197744
2025-08-07,-0.003056914228121266,-0.011299577094884383
2025-08-08,0.0008932609229541644,-0.006952389701606165
2025-08-11,-0.009466912735407229,-0.0082249522737462
2025-08-12,0.009101804471857822,-0.005569737134825226
2025-08-13,-0.003971941790719136,-0.006578229034029381
2025-08-14,0.005388453516712133,0.0018373087246135178
2025-08-18,0.00048543816407109475,0.0014291013051537238
2025-08-19,0.009973019276634965,0.021082875514770283
2025-08-20,0.004168564680625764,0.016091063341496348
2025-08-21,0.0027981813736617234,0.02299755717804164
2025-08-22,0.0013252889742787488,0.018863227420441664
2025-08-25,-0.008517482060098724,0.00969493370430441
2025-08-26,0.003926417350905487,0.003649996647561604
2025-08-28,-0.010241179872034878,-0.010752306492220143
2025-08-29,-0.008544430103923584,-0.021941648925196677
2025-09-01,-0.0030223697933294824,-0.026188284870683254
2025-09-02,0.008114070174605414,-0.009853150247642217
2025-09-03,-0.0018457290617897026,-0.015546070055371453
2025-09-04,0.0055107151470170646,0.00012139826138080068
2025-09-05,0.0007788776228048189,0.009526196462326997
2025-09-08,0.00027084730671167456,0.012860863993874538
2025-09-09,0.0012994782193525012,0.006014184932676914
2025-09-10,0.003852930178235292,0.011757717969082426
2025-09-11,0.0042020862308871365,0.010440958847665716
2025-09-12,0.0012974116602184615,0.010964499103834902
2025-09-15,0.004339045410009845,0.015076189321369338
2025-09-16,-0.0017838966811339896,0.01195039078425153
2025-09-17,0.006777256391098607,0.014898305727690797
2025-09-18,0.003611475529465391,0.014301404159334785
2025-09-19,0.0036853015416349333,0.01672030590770035
2025-09-22,-0.0037976065391384095,0.008483347186827972
2025-09-23,-0.004923635718664832,0.0053113140736227304
2025-09-24,-0.0013034343973540308,-0.0027576106300221115
2025-09-25,-0.00447365300760838,-0.010791429590114587
2025-09-26,-0.006626948212322681,-0.02095493982699237
2025-09-29,-0.009487437927231501,-0.02654677673713801
2025-09-30,-0.0008030448049409777,-0.022515726809016035
2025-10-01,-0.0009661407544825362,-0.022185597275472313
2025-10-03,0.009150390492475902,-0.008803946455306022
2025-10-06,0.0023332467769816567,0.00013661207545601073
2025-10-07,0.007367178791287232,0.01715499216284666
2025-10-08,0.0012222193924698033,0.01921665535961159
2025-10-09,-0.0024752925801897474,0.017677015174254018
2025-10-10,0.005416017571936882,0.013911089378529029
2025-10-13,0.0041120501676790155,0.015710439534229792
2025-10-14,-0.0022938183927065925,0.005969427614556988
2025-10-15,-0.003244479132464395,0.0014815506263881062
2025-10-16,0.007080820872521931,0.011075569949816844
2025-10-17,0.010336228211479837,0.016023476776150236
2025-10-20,0.004867983737610659,0.01678837771903341
2025-10-21,0.005184813729964155,0.024410046667017182
2025-10-23,0.0009847568259027106,0.028756620841701386
2025-10-24,0.0008814076368377499,0.022423775175930194
2025-10-27,-0.0037174505259611745,0.008201959835030914
2025-10-28,0.006625291500029773,0.009965098037040931
2025-10-29,-0.001149638146805021,0.003600521868214468
2025-10-30,0.0045381040946781415,0.007163154714523001
2025-10-31,-0.0067571756478100875,-0.0005233699624415111
2025-11-03,-0.006018660837397216,-0.0028319579511562054
2025-11-04,0.0016036793506921665,-0.00780639203021849
2025-11-06,-0.006431586779760301,-0.01305313956257148
2025-11-07,-0.0034359080045569534,-0.020887512568782962
2025-11-10,-0.0006820322478444663,-0.014898796999937902
2025-11-11,0.0032185728871263475,-0.005744087856115354
2025-11-12,0.0047156471705849246,-0.0026549494402742235
2025-11-13,0.0070384090258497345,0.010866246955496761
2025-11-14,0.00012944949620363744,0.014482772560620694
2025-11-17,0.001194026471448284,0.016387300761305124
2025-11-18,0.0039906690408659795,0.0171695318192584
2025-11-19,-0.003974806902018679,0.008371355812722747
2025-11-20,0.005503640675154298,0.006834555995776093
2025-11-21,0.005354541588221684,0.012094678352090993
2025-11-24,-0.0047342428227803435,0.0061018641263879125
2025-11-25,-0.004167936312968079,-0.002073897171279926
2025-11-26,-0.002877529180069005,-0.0009745252995904119
2025-11-27,0.012381783530362567,0.005859303692185236
2025-11-28,0.0003911422381892571,0.0008934123497310598
2025-12-01,-0.0004806903583736144,0.005171016205794077
2025-12-02,-0.0010380212747401751,0.008330283711165398
2025-12-03,-0.005484113396941881,0.00569440107905983
2025-12-04,-0.0017746951904364927,-0.008368565699002017
2025-12-05,0.0018375278996383138,-0.006934844999710199
2025-12-08,0.005865433091659877,-0.0006297001097950172
2025-12-09,-0.00862653945989178,-0.008221320067237858
2025-12-10,-0.004657081109092687,-0.007396564020849761
2025-12-11,-0.0031598875909956137,-0.008773955206649697
2025-12-12,0.0054565875164998,-0.005193228741537381
2025-12-15,0.005729990019651465,-0.005327182728543267
2025-12-16,-0.0007543469807149705,0.0025712089301359597
2025-12-17,-0.006424068837574293,0.0007913891419142338
2025-12-18,-0.001606677033445636,0.0023507563184252955
2025-12-19,-0.00011619552256891819,-0.0032048125279693362
2025-12-22,0.005843362036054733,-0.0030924476969846904
2025-12-23,0.00793332910611566,0.005574900393802151
2025-12-24,0.00018148889399149937,0.012260230472393774
2025-12-26,-0.0013389838361685946,0.01253164172018395
2025-12-29,-0.0038175521330050532,0.00878346551353415
2025-12-30,-0.003847631310177624,-0.0009358548310289816
2025-12-31,-0.00012527898855285713,-0.008923552206302698
2026-01-01,0.0073538342244390265,-0.0018164995249838611
2026-01-02,0.0006487344669803274,0.0001702683388675741
2026-01-05,0.006960765170238581,0.01099173235131734
2026-01-06,-0.0029720587604740167,0.011880348025632426
2026-01-07,-0.0027276473171363724,0.00924673271895271
2026-01-08,-0.001449622016468255,0.0004267340790402585
2026-01-09,-0.010095364158449915,-0.010314980898681547
2026-01-12,-0.007479613285493514,-0.024507615529659854
2026-01-13,0.004164153963733375,-0.017525543234102825
2026-01-14,-0.002246942885392733,-0.017051971672460975
2026-01-16,-0.00259211846006413,-0.018176616609125618
2026-01-19,0.0011201764399650926,-0.00705263595665373
2026-01-20,-0.004236324757381116,-0.0038079521819640583
2026-01-21,-0.013796877137441155,-0.021626389817857472
2026-01-22,-0.0029723570791637677,-0.02233771422681463
2026-01-23,0.00526285960946038,-0.014638240464593166
2026-01-27,-0.009539381186706164,-0.025130008292344796
2026-01-28,0.005060152863462841,-0.016028594687420572
2026-01-29,0.006647346488174222,0.004369364906370743
2026-01-30,0.0030048195489833507,0.010390555127695489
2026-02-02,-0.003865234077404689,0.0012159003999636653
2026-02-03,-0.00917235522852089,0.0015869118447546793
2026-02-04,0.025475932330218942,0.021932139392333738
2026-02-05,0.0018831648283172964,0.017095619062651002
2026-02-06,-0.00516756745616076,0.008808421575450254
2026-02-09,0.0019849016468285186,0.014732987595892144
2026-02-10,0.006756581098813275,0.031046235650641796
2026-02-11,0.0026229876069705504,0.00806915555779586
2026-02-12,0.0007209990483325601,0.006899814143971117
2026-02-13,-0.00565042923620962,0.0064110952193727755
2026-02-16,-0.01302348257655217,-0.008663587421952723
2026-02-17,0.008309432803093486,-0.007134520250515308
2026-02-18,0.00166066292063749,-0.00808747961129308
2026-02-19,0.003652002197183979,-0.0051822755400191545
2026-02-20,-0.014136684522350174,-0.013672526273933672
2026-02-23,0.004592550680687868,0.003931922538127797
2026-02-24,0.00554333479982394,0.0011778333706475852
2026-02-25,-0.011214156627970318,-0.011690780140767076
2026-02-26,0.002275335490801167,-0.013046401806058316
2026-02-27,0.0005513894339252978,0.001657915936671861
2026-03-02,-0.012468368500212268,-0.015353164564696709
2026-03-04,-0.012429227421638323,-0.03295223354917742
2026-03-05,-0.015491187895474101,-0.037135235927300836
2026-03-06,0.011658274570576665,-0.028121244358873754
2026-03-09,-0.012737318930444053,-0.04102914043060668
2026-03-10,-0.017275692308183932,-0.04569742982743086
2026-03-11,0.009719840791548862,-0.02429449516221438
2026-03-12,-0.01627056774308744,-0.0250669059302302
2026-03-13,-0.009540396930332928,-0.04549602405840758
2026-03-16,-0.02064586811222946,-0.05314215692931257
2026-03-17,0.011131271353117311,-0.025771961514382324
2026-03-18,0.007362598835607637,-0.02804634606561829
2026-03-19,0.008339304375208911,-0.00373106755111996
2026-03-20,-0.03262077926216955,-0.026946822938806902
2026-03-23,0.004884308965338757,-0.0015809015551113692
2026-03-24,-0.026037751600726855,-0.03828262707685559
2026-03-25,0.017756683156527453,-0.02835951549954363
2026-03-27,0.01719805962740728,-0.019823177376087853
2026-03-30,-0.02088905112938999,-0.007936248487637187
2026-04-01,-0.02139385559374285,-0.033879149857232504
2026-04-02,0.015583438293735208,0.007406946632522615
2026-04-06,0.0014858954897207788,-0.008698380695701724
2026-04-07,0.01123362266767347,-0.014510971430084618
2026-04-08,0.0067658785769486585,0.013324106752735876
2026-04-09,0.03778379295615997,0.07460119784737662
2026-04-10,-0.009261439434677166,0.04831253030847016
2026-04-13,0.011587753764504383,0.05888672277243634
2026-04-15,-0.008646321593950623,0.03806996138691465
2026-04-16,0.016300637062472756,0.04790119085497313
2026-04-17,-0.0014258739785333319,0.008309267226206618
2026-04-20,0.006480241406387144,0.024330126114252115
2026-04-21,0.00046394992773279853,0.01306620230281097
2026-04-22,0.008690798564113589,0.030783038241360527
2026-04-23,-0.00807678861823835,0.006058231435870365
2026-04-24,-0.008411190019346093,-0.000979438096025298
2026-04-27,-0.011380506539678703,-0.01870780842565145
2026-04-28,0.008149234824183171,-0.011169795627233525
2026-04-29,-0.004026115924964935,-0.02363632072206645
2026-04-30,0.007582657634449097,-0.008222512089207878
